"id","sex","gpa","Alcoholuse","alcatt","dadjob","momjob","dadclose","momclose","larceny","vandalism"
1,1,2,4,2,1,2,4,1,2,2
2,2,3,1,1,1,1,3,4,4,4
3,2,2,4,2,1,2,2,2,2,2
4,2,2,4,3,1,1,4,2,2,2
5,2,1,6,4,1,2,2,2,1,1
6,2,2,2,1,1,2,2,3,3,3
7,1,3,4,3,1,2,3,3,2,3
8,1,4,3,2,1,2,3,3,3,3
9,2,3,5,4,1,1,2,3,2,2
10,2,2,5,4,2,2,3,2,2,2
11,2,4,5,4,1,2,3,2,2,2
12,2,2,3,2,1,1,2,4,3,3
13,1,3,5,3,1,1,3,1,2,1
14,2,3,3,1,1,2,1,2,2,2
15,1,1,4,3,1,2,3,3,3,3
16,2,2,3,1,1,1,4,1,2,2
17,1,2,1,1,1,1,4,4,4,4
18,1,3,4,3,1,2,2,3,3,2
19,1,3,4,3,1,1,3,3,2,2
20,1,2,3,2,2,1,2,3,3,3
21,1,2,3,3,1,2,4,3,3,3
22,1,4,5,3,1,2,2,2,2,2
23,1,2,4,3,1,2,1,3,2,2
24,1,2,3,1,1,1,1,2,2,2
25,1,4,4,4,1,2,4,3,3,3
26,2,3,4,2,1,2,2,1,2,2
27,2,4,3,3,1,2,4,3,3,3
28,2,3,3,3,2,2,4,3,3,3
29,2,3,4,3,1,2,3,3,3,3
30,1,3,1,1,1,1,4,4,4,4
31,2,1,3,3,1,2,2,4,3,4
32,1,2,3,2,1,2,4,3,3,3
33,1,3,3,2,1,2,4,1,2,2
34,2,3,4,4,1,2,3,3,2,2
35,1,2,3,1,1,2,1,1,2,2
36,2,2,3,3,1,1,4,3,3,3
37,1,2,5,3,1,2,1,3,2,2
38,1,3,5,4,1,2,3,1,1,1
39,2,2,5,3,1,1,1,1,1,1
40,2,2,5,4,2,2,3,2,2,2
41,2,4,4,3,1,2,3,3,2,3
42,2,3,2,1,1,2,2,3,3,3
43,1,2,3,3,1,2,3,4,3,4
44,2,2,3,2,1,1,3,3,3,3
45,1,2,5,4,1,2,3,2,2,2
46,2,2,5,4,1,1,2,3,2,2
47,2,4,4,3,1,2,3,3,2,2
48,2,2,2,1,1,2,4,2,3,3
49,1,3,6,4,1,1,1,2,2,1
50,2,3,4,3,1,2,3,2,2,2
51,1,1,4,2,1,2,2,2,2,2
52,1,2,4,3,1,1,3,2,2,2
53,2,3,4,3,2,1,1,4,2,3
54,2,1,3,1,1,2,2,2,2,2
55,1,2,4,3,1,2,1,3,2,3
56,2,2,5,4,1,2,3,3,2,2
57,2,4,5,3,1,2,2,2,2,2
58,2,2,4,3,2,2,2,3,3,3
59,1,1,3,2,1,2,4,2,3,3
60,2,2,5,3,1,2,2,2,2,2
61,2,2,5,4,1,2,2,2,2,2
62,1,3,3,3,1,1,3,4,3,3
63,1,2,6,4,1,2,1,2,1,1
64,1,2,4,3,1,1,2,3,2,2
65,1,3,4,3,1,2,2,3,2,3
66,2,2,2,1,1,2,3,3,3,4
67,1,2,2,2,1,2,4,4,4,4
68,2,2,5,4,1,2,3,3,2,2
69,1,1,4,2,1,1,3,1,2,2
70,2,1,2,1,1,1,4,3,3,4
71,1,3,4,2,1,2,2,2,2,2
72,2,3,5,4,1,2,2,2,2,2
73,1,3,3,2,1,1,1,3,3,3
74,2,2,3,1,2,2,1,3,3,3
75,1,2,4,2,1,2,2,2,2,2
76,2,2,4,2,1,2,2,1,2,2
77,1,3,3,2,1,1,3,2,2,2
78,1,3,3,1,1,2,2,2,2,2
79,1,3,6,4,1,1,2,1,1,1
80,2,4,4,4,2,2,2,4,3,3
81,2,3,3,2,1,2,2,3,3,3
82,2,1,5,4,1,2,4,2,2,2
83,1,1,4,2,1,2,2,2,2,2
84,2,2,4,3,1,1,2,3,2,2
85,1,3,4,3,1,2,3,2,2,2
86,2,4,4,4,1,1,2,4,3,3
87,1,1,5,4,1,1,4,3,2,2
88,1,2,4,3,1,2,1,4,3,3
89,1,3,4,2,1,2,3,1,2,2
90,2,2,4,2,1,2,3,2,2,2
91,1,1,4,4,1,2,3,3,2,3
92,2,2,3,2,1,1,2,3,3,3
93,1,3,3,1,1,2,2,2,2,3
94,1,2,3,3,1,2,3,4,3,3
95,1,3,5,4,1,2,2,3,2,2
96,2,2,5,4,1,2,3,3,2,2
97,1,2,4,3,1,2,1,3,2,2
98,1,3,4,3,1,2,2,3,2,3
99,1,3,3,2,1,1,2,4,3,3
100,2,4,6,4,1,2,1,2,1,1
101,1,2,4,3,1,2,3,2,2,2
102,2,1,4,3,2,2,2,3,2,3
103,1,2,2,2,1,1,3,4,3,4
104,1,3,4,3,1,2,4,1,2,2
105,1,3,4,3,1,2,2,3,2,2
106,1,2,3,2,1,1,3,2,3,3
107,1,4,3,2,1,2,3,2,2,2
108,1,3,3,3,1,2,4,3,3,3
109,2,4,5,4,1,2,2,2,2,2
110,1,2,4,2,1,2,1,2,2,2
111,2,3,3,2,1,1,3,2,3,2
112,1,4,4,3,1,1,3,3,2,2
113,2,2,3,2,1,1,2,4,3,3
114,1,4,5,3,2,1,2,2,2,2
115,1,2,2,2,1,2,3,4,4,4
116,2,3,2,1,1,1,2,3,3,3
117,2,1,4,3,1,2,2,2,2,2
118,1,1,3,3,2,1,4,4,3,3
119,1,2,4,2,1,2,2,1,2,1
120,2,3,4,3,1,2,3,3,3,3
121,2,4,5,3,1,2,3,1,2,1
122,2,1,3,1,1,2,2,1,2,2
123,2,2,3,2,1,2,3,2,2,3
124,2,2,4,2,1,2,1,2,2,2
125,2,2,4,2,1,1,2,2,2,2
126,1,3,2,1,1,1,2,3,3,3
127,1,3,3,2,1,2,2,3,3,3
128,2,3,5,3,1,2,1,2,2,2
129,2,3,4,3,1,2,2,2,2,2
130,1,1,4,3,1,2,3,2,2,2
131,2,3,4,4,1,2,3,4,3,3
132,2,2,4,3,1,2,3,2,2,2
133,1,1,4,3,2,2,3,2,2,2
134,2,3,4,3,1,2,3,2,2,2
135,2,2,4,2,1,2,2,2,2,2
136,2,3,4,4,2,1,3,4,3,3
137,2,3,3,2,1,1,1,4,3,3
138,2,3,4,2,1,2,3,1,2,2
139,2,2,4,3,1,1,4,3,3,2
140,2,3,5,3,1,2,1,2,2,2
141,2,4,5,3,1,2,2,2,2,2
142,2,3,3,2,1,1,3,2,2,2
143,1,3,5,4,1,2,3,2,2,2
144,2,2,6,4,1,1,3,1,1,1
145,1,2,3,2,1,2,3,2,3,2
146,2,2,3,3,2,2,4,4,3,4
147,2,3,5,3,1,1,2,2,2,1
148,2,2,4,2,1,2,1,3,2,2
149,2,2,2,1,2,1,3,3,3,3
150,2,2,5,4,1,1,2,4,2,2
151,2,2,4,2,1,2,3,1,2,2
152,1,3,3,2,1,2,1,3,3,3
153,1,4,4,2,1,2,1,1,2,2
154,2,4,3,2,1,1,1,3,3,2
155,1,4,3,2,1,1,3,3,3,3
156,2,3,4,3,1,2,2,3,2,3
157,2,2,6,4,1,2,1,1,1,1
158,2,3,4,4,1,2,3,4,3,3
159,1,2,5,3,2,1,3,1,2,1
160,2,4,4,3,1,1,2,3,2,2
161,2,1,4,3,1,2,2,2,2,2
162,2,2,3,3,2,2,3,4,3,4
163,2,1,5,3,1,1,2,2,2,2
164,1,2,4,3,1,2,2,3,2,3
165,1,2,4,3,1,2,4,2,2,2
166,2,3,5,4,1,2,2,3,2,2
167,2,2,4,2,1,1,3,1,2,2
168,1,3,5,4,1,1,2,2,1,2
169,2,3,1,1,2,2,3,4,4,4
170,1,1,4,3,1,2,3,1,2,2
171,2,2,4,2,1,1,1,3,2,2
172,2,4,3,2,1,2,3,2,3,3
173,2,3,4,3,1,2,3,2,2,2
174,2,2,3,2,1,2,3,2,3,3
175,1,2,5,4,1,1,3,2,2,2
176,2,3,3,1,1,2,3,1,2,2
177,2,3,4,2,1,2,3,1,2,2
178,2,2,3,2,1,1,3,3,3,3
179,1,1,4,3,2,2,1,4,3,3
180,1,2,5,3,1,2,2,2,2,2
181,2,2,5,3,1,2,2,1,2,1
182,1,3,5,3,2,1,2,2,2,2
183,2,2,4,2,1,2,1,2,2,2
184,1,3,3,2,1,2,2,3,3,3
185,2,1,3,1,1,2,3,2,3,3
186,1,2,5,3,1,2,2,2,2,2
187,2,2,2,1,1,2,1,3,3,3
188,2,2,5,4,1,1,2,2,2,2
189,1,1,3,2,1,1,2,3,3,3
190,2,1,2,1,2,1,2,4,3,4
191,2,3,4,3,1,1,4,2,2,2
192,2,3,4,3,1,2,3,2,2,2
193,1,2,5,4,1,2,2,3,2,2
194,2,2,5,3,1,2,4,1,2,2
195,2,2,4,3,1,1,2,2,2,2
196,2,4,4,3,1,2,3,3,3,2
197,2,3,2,1,1,2,4,3,3,3
198,2,2,3,2,1,2,2,4,3,3
199,2,4,3,1,1,2,2,2,2,2
200,2,1,5,3,1,2,1,2,2,1
201,2,4,1,1,1,2,4,3,3,4
202,2,2,4,3,1,1,3,2,2,2
203,1,3,4,2,1,1,2,2,2,2
204,2,4,3,2,1,2,1,3,2,3
205,2,2,2,2,1,2,3,4,3,4
206,2,3,3,1,1,1,1,3,3,2
207,1,2,3,1,1,2,2,2,2,2
208,2,4,4,2,1,1,2,2,2,2
209,1,3,4,3,1,2,2,3,3,2
210,2,4,4,2,1,1,2,2,2,2
211,2,2,3,3,1,2,3,4,3,4
212,1,3,5,4,1,2,2,3,2,2
213,1,2,4,2,1,2,2,2,2,2
214,2,1,3,2,1,2,3,2,3,3
215,2,1,4,2,1,1,2,2,2,2
216,2,1,5,3,1,2,3,1,2,2
217,2,3,4,3,2,2,2,3,2,3
218,2,4,4,3,1,2,2,3,2,3
219,2,3,3,1,1,1,2,2,2,2
220,2,1,4,3,1,2,2,2,2,2
221,2,2,5,3,1,2,1,2,2,2
222,1,2,5,3,1,2,1,2,2,1
223,1,3,3,3,1,2,4,3,3,3
224,1,3,2,2,1,2,2,4,3,4
225,1,4,3,2,1,2,4,2,3,3
226,2,2,4,3,1,2,3,3,2,3
227,2,3,2,2,1,2,3,4,3,4
228,1,3,4,2,1,2,2,2,2,2
229,2,4,3,2,1,1,2,3,3,3
230,2,3,3,2,1,2,2,4,3,3
231,2,3,4,3,1,2,3,2,2,2
232,2,2,3,2,1,1,3,3,3,3
233,1,3,3,2,1,2,3,3,3,3
234,2,3,1,1,2,2,4,3,3,4
235,2,2,4,3,1,1,3,3,2,2
236,1,3,3,2,1,2,1,4,3,3
237,2,4,5,4,1,2,3,2,2,2
238,1,3,3,2,1,2,3,2,3,3
239,2,2,4,3,1,2,2,3,2,3
240,2,3,4,3,1,1,4,2,2,2
241,2,2,3,2,1,2,3,3,3,3
242,1,2,4,4,1,2,4,3,3,3
243,1,2,3,2,1,2,4,3,3,3
244,2,1,3,2,1,2,3,3,3,3
245,2,4,2,2,1,2,3,4,4,4
246,2,3,4,4,1,1,2,4,2,3
247,2,1,3,2,2,2,4,2,3,3
248,2,3,3,2,1,2,2,4,3,3
249,2,4,3,2,1,1,2,4,3,3
250,2,2,5,4,1,2,1,3,2,2
251,2,2,3,3,1,2,4,4,3,4
252,2,2,4,3,2,2,3,3,3,3
253,1,1,4,3,1,2,1,3,2,2
254,1,2,4,3,1,2,3,3,3,3
255,1,4,3,2,1,2,3,2,3,3
256,2,2,5,4,1,2,1,4,2,2
257,1,2,3,2,1,2,1,3,3,3
258,1,3,5,3,1,2,1,2,2,2
259,2,2,3,2,1,1,3,3,3,3
260,2,3,3,1,1,1,3,1,2,2
261,2,3,5,4,1,2,3,3,2,2
262,1,2,4,2,1,2,1,3,2,2
263,2,3,4,3,1,2,2,4,3,3
264,1,3,3,2,1,1,3,2,3,2
265,1,2,5,4,2,2,4,2,2,2
266,1,4,3,2,1,1,3,3,3,3
267,2,2,2,1,1,2,1,3,3,3
268,1,1,3,2,1,2,3,2,3,3
269,1,2,4,3,1,2,3,3,3,3
270,2,1,2,1,1,1,3,3,3,3
271,1,1,5,4,1,1,3,2,2,2
272,2,3,4,3,1,2,2,3,2,3
273,1,3,4,3,1,2,3,3,2,3
274,2,2,3,2,1,2,3,3,3,3
275,1,2,3,1,1,2,2,2,2,3
276,2,2,5,3,2,2,2,1,2,1
277,2,2,5,3,1,2,2,1,2,1
278,2,3,3,2,2,2,3,2,3,3
279,1,4,4,2,1,1,2,2,2,2
280,1,3,3,3,1,2,3,4,3,3
281,1,1,4,3,1,2,2,3,2,3
282,2,2,4,2,1,1,1,2,2,2
283,2,2,3,2,2,1,1,4,3,3
284,2,4,3,2,1,2,1,4,3,3
285,2,3,5,4,1,2,2,3,2,2
286,1,3,3,2,1,1,1,4,3,3
287,2,4,5,3,2,2,2,2,2,2
288,1,2,5,4,1,2,2,3,2,2
289,2,1,3,2,1,2,3,2,2,3
290,2,3,4,2,1,2,2,2,2,2
291,2,2,4,3,1,2,3,3,3,3
292,2,3,5,3,1,2,3,1,2,2
293,2,2,3,1,1,2,3,2,3,3
294,1,4,5,3,1,2,2,2,2,2
295,2,2,5,3,1,2,2,1,1,1
296,2,2,2,1,1,1,3,2,3,3
297,2,3,2,1,1,1,3,3,3,3
298,1,1,3,3,1,1,4,3,3,3
299,2,1,5,4,1,2,3,3,2,2
300,1,2,5,4,1,2,3,3,2,2
301,1,3,3,2,1,2,3,3,3,3
302,2,2,4,3,2,2,2,3,2,3
303,2,1,4,3,1,1,3,3,3,2
304,2,2,5,3,1,2,4,1,2,2
305,2,1,5,2,1,1,1,1,1,1
306,2,3,3,2,1,2,2,3,3,3
307,1,3,4,3,1,2,2,3,2,3
308,2,3,4,2,1,1,1,2,2,2
309,2,2,5,4,1,1,4,1,2,1
310,2,2,4,3,1,1,3,3,3,2
311,2,2,3,2,1,1,3,2,2,2
312,2,2,3,2,1,1,3,3,3,3
313,2,2,3,1,1,2,2,2,2,3
314,2,2,2,1,1,1,3,4,3,3
315,1,2,4,4,1,2,3,4,3,3
316,1,2,4,3,1,2,3,3,2,3
317,1,3,3,2,2,2,1,3,3,3
318,2,2,5,3,2,2,2,2,2,2
319,1,4,5,3,1,2,1,1,1,1
320,2,1,4,3,2,2,1,4,3,3
321,1,1,5,3,1,2,1,2,2,2
322,2,2,1,1,1,1,4,4,4,4
323,1,2,4,3,1,2,4,1,2,2
324,1,4,2,1,1,2,3,2,3,3
325,1,2,6,4,1,1,2,1,1,1
326,1,2,4,3,1,1,2,3,2,2
327,2,2,3,2,1,2,2,4,3,3
328,1,3,4,3,1,2,4,2,2,2
329,2,2,2,1,1,2,2,3,3,3
330,2,3,4,3,1,2,1,4,2,3
331,2,2,5,3,1,2,4,1,2,2
332,2,3,4,3,1,1,3,2,2,2
333,2,4,5,3,1,2,2,1,2,1
334,1,2,2,2,1,2,4,3,3,4
335,2,3,2,1,1,2,3,3,3,4
336,1,2,3,2,1,2,2,3,3,3
337,1,4,6,4,1,2,1,2,1,1
338,1,1,5,4,1,2,2,3,2,2
339,2,1,4,3,1,2,4,2,2,2
340,2,1,5,4,2,2,2,2,2,2
341,2,3,4,3,1,1,2,3,2,2
342,1,3,3,2,1,2,1,3,3,3
343,2,2,5,4,1,2,2,3,2,2
344,2,4,4,2,1,2,2,2,2,2
345,1,3,6,4,2,1,3,1,1,1
346,1,1,3,3,1,2,4,3,3,3
347,1,4,3,2,1,1,2,3,3,3
348,2,3,5,3,1,2,2,1,2,1
349,2,4,3,2,1,1,4,2,3,2
350,1,3,4,3,2,1,1,4,3,3
351,1,1,3,2,1,1,3,3,3,3
352,2,3,6,4,1,2,3,1,1,1
353,1,3,4,3,1,2,3,3,2,3
354,2,2,4,3,1,2,2,3,2,2
355,2,3,5,3,1,2,2,2,2,2
356,2,3,3,2,1,2,2,3,3,3
357,2,2,4,3,1,2,4,2,2,2
358,2,3,4,3,1,1,3,2,2,2
359,2,1,3,2,1,2,2,3,3,3
360,2,4,4,3,1,2,4,2,2,2
361,1,3,3,2,2,2,2,3,3,3
362,2,4,2,2,1,2,2,4,3,4
363,2,1,4,3,1,1,3,3,2,3
364,1,4,3,3,2,2,4,3,3,3
365,2,3,3,2,1,2,3,2,2,3
366,2,3,4,3,1,2,2,3,2,2
367,2,4,3,2,1,2,2,4,3,3
368,1,2,3,2,1,1,2,4,3,3
369,2,3,3,2,1,2,4,2,3,3
370,2,3,5,3,1,1,3,1,1,1
371,2,3,4,4,1,1,4,3,3,3
372,1,3,2,1,1,2,3,2,3,3
373,2,2,3,3,1,1,3,4,3,3
374,2,1,5,4,1,2,3,2,2,2
375,1,3,6,4,1,1,1,2,1,1
376,1,2,4,2,2,2,2,1,2,2
377,2,4,4,3,1,2,2,3,3,2
378,1,1,4,2,1,1,2,2,2,2
379,2,3,2,2,1,2,4,3,3,4
380,2,1,5,4,2,2,2,2,2,2
381,1,2,2,2,1,2,4,3,3,4
382,1,2,2,1,1,2,3,3,3,3
383,1,2,5,3,1,1,2,1,1,1
384,1,2,4,2,1,2,4,1,2,2
385,1,2,4,3,1,2,4,2,2,2
386,1,3,2,1,1,2,2,3,3,3
387,2,2,4,3,1,2,2,2,2,2
388,1,4,4,3,1,2,2,3,2,3
389,2,3,4,3,1,2,3,3,2,3
390,2,1,4,2,1,1,4,1,2,2
391,2,3,3,2,1,2,4,2,3,3
392,2,3,2,1,1,2,2,3,3,3
393,2,1,4,2,2,1,3,1,2,2
394,2,1,4,2,1,2,2,2,2,2
395,1,1,3,2,1,2,3,3,3,3
396,2,4,3,1,1,2,2,2,2,2
397,2,3,6,4,1,1,2,1,1,1
398,2,2,4,3,1,2,3,3,3,3
399,1,3,4,3,1,1,3,3,3,3
400,1,4,3,2,1,2,4,2,3,3
401,2,3,4,2,1,2,1,2,2,2
402,2,3,3,2,1,1,1,3,3,3
403,2,3,4,3,1,1,3,3,2,2
404,2,2,3,1,1,2,2,1,2,2
405,2,4,3,2,1,2,2,4,3,3
406,1,4,4,3,1,2,4,1,2,2
407,2,3,3,2,1,1,3,3,3,3
408,1,1,4,2,1,2,1,2,2,2
409,2,2,4,2,1,1,1,2,2,2
410,2,2,6,4,1,1,2,2,2,1
411,2,1,2,2,1,2,3,4,3,4
412,2,3,4,3,1,2,2,3,2,2
413,2,2,4,2,1,2,3,1,2,2
414,1,4,4,2,1,2,1,2,2,2
415,2,3,5,3,1,1,2,2,2,1
416,2,3,4,2,1,2,2,2,2,2
417,2,2,4,2,1,2,1,2,2,2
418,2,3,4,3,1,1,3,3,3,2
419,1,4,5,4,1,2,2,2,2,2
420,2,3,4,2,1,2,3,1,2,2
421,2,2,3,2,1,2,4,3,3,3
422,2,4,5,3,1,1,3,1,1,1
423,1,2,3,2,1,2,4,3,3,3
424,1,3,2,1,2,2,2,3,3,3
425,2,2,3,2,1,2,1,3,3,3
426,1,3,5,4,1,2,2,2,2,2
427,1,2,3,1,1,1,1,2,2,2
428,2,3,5,3,1,1,2,2,2,1
429,1,3,5,3,1,2,3,2,2,2
430,1,1,3,1,1,2,2,1,2,2
431,2,2,3,1,1,1,2,2,2,2
432,2,3,5,4,1,1,2,3,2,2
433,2,2,2,1,1,2,4,2,3,3
434,2,3,4,3,2,2,1,3,2,2
435,1,3,4,3,1,2,2,3,2,2
436,2,2,4,3,1,2,2,3,2,2
437,1,1,5,3,1,2,2,1,2,1
438,2,1,3,2,1,1,3,3,3,3
439,2,3,4,4,1,2,3,4,3,3
440,2,3,4,3,1,2,3,3,2,3
441,2,3,4,2,1,2,2,2,2,2
442,2,2,2,1,1,2,2,3,3,3
443,2,2,4,2,1,2,2,2,2,2
444,2,3,4,3,1,2,3,2,2,2
445,2,4,5,4,2,2,2,2,2,2
446,2,2,4,3,1,2,3,2,2,2
447,2,3,4,3,1,2,3,3,2,3
448,2,2,4,3,1,2,3,2,2,2
449,2,3,4,2,1,2,2,2,2,2
450,1,3,3,2,1,1,4,2,3,3
451,1,4,3,2,1,1,3,2,2,2
452,2,3,4,3,1,1,3,2,2,2
453,2,3,4,3,1,2,3,3,3,3
454,2,2,2,1,1,2,4,3,3,4
455,2,2,3,1,1,1,2,2,2,2
456,2,3,5,4,1,1,2,3,2,2
457,1,2,2,1,2,2,3,2,3,3
458,2,4,4,3,1,1,2,4,3,3
459,2,4,4,4,1,1,4,4,3,3
460,1,3,3,3,1,2,3,4,3,3
461,1,4,3,2,1,1,2,3,3,3
462,2,4,5,3,1,2,1,2,2,1
463,1,2,5,4,1,2,3,2,2,2
464,2,2,5,3,1,2,3,1,2,1
465,1,1,3,1,1,2,3,2,3,3
466,1,2,4,2,1,2,2,1,2,2
467,2,4,5,3,1,1,1,1,1,1
468,1,3,3,2,1,1,3,2,3,2
469,2,2,6,4,1,2,1,2,2,1
470,2,1,4,2,1,2,1,2,2,2
471,1,4,3,2,1,1,3,2,3,2
472,1,2,4,2,1,2,2,2,2,2
473,1,2,4,3,1,2,3,3,2,3
474,2,3,3,3,1,2,4,3,3,3
475,1,2,4,3,1,2,2,3,3,2
476,2,4,4,3,1,2,3,2,2,2
477,2,4,4,3,1,2,4,1,2,2
478,2,2,4,3,1,1,2,4,3,3
479,2,1,4,3,1,1,4,2,2,2
480,1,2,5,4,1,2,2,2,2,2
481,2,2,6,4,2,1,2,2,2,1
482,2,3,3,1,1,1,2,2,2,2
483,2,1,1,1,2,2,4,3,4,4
484,1,3,5,3,1,2,2,2,2,2
485,1,3,4,3,1,2,3,3,3,3
486,1,1,5,4,1,1,3,3,2,2
487,2,3,2,1,1,2,3,3,3,3
488,2,3,4,3,2,2,2,2,2,2
489,2,3,4,2,1,2,1,1,2,2
490,1,3,3,1,1,2,3,2,2,2
491,2,2,4,3,1,2,1,3,2,2
492,2,3,4,3,1,2,3,3,2,3
493,2,2,2,2,1,2,4,3,3,4
494,1,2,3,3,1,1,4,3,3,3
495,2,2,4,3,1,1,2,2,2,2
496,1,3,4,3,1,2,3,2,2,2
497,2,3,3,2,1,2,3,3,3,3
498,1,2,3,2,1,2,3,2,3,3
499,2,3,4,3,1,1,2,2,2,2
500,2,2,3,3,2,2,4,4,3,4
501,2,3,4,3,1,1,4,2,2,2
502,2,2,3,2,1,2,2,4,3,3
503,2,1,1,1,1,2,4,4,4,4
504,1,2,3,2,1,2,4,3,3,3
505,2,2,3,2,1,2,3,3,3,3
506,2,3,4,2,1,2,2,2,2,2
507,2,3,4,3,1,2,4,2,2,3
508,2,2,4,3,1,2,3,3,3,3
509,1,2,6,4,1,1,3,1,1,1
510,2,2,3,2,1,2,3,3,3,3
511,1,1,2,2,2,2,4,4,4,4
512,2,2,5,3,1,2,2,2,2,2
513,2,2,4,3,1,2,4,2,2,2
514,2,3,3,2,1,1,1,3,3,2
515,1,4,4,2,2,1,1,2,2,2
516,2,1,4,2,1,2,2,2,2,2
517,2,4,3,2,1,2,3,3,3,3
518,1,4,2,1,1,1,3,2,3,3
519,2,3,4,3,1,1,2,4,3,3
520,1,3,4,3,1,2,2,3,2,3
521,2,3,3,2,1,2,3,3,3,3
522,1,1,4,3,1,2,3,2,2,2
523,1,2,6,4,2,1,2,2,1,1
524,2,1,3,2,2,2,3,2,2,3
525,2,4,4,3,1,2,2,3,2,2
526,2,3,2,1,1,2,3,2,3,3
527,1,3,4,3,1,1,3,3,2,2
528,1,3,5,4,1,1,3,3,2,2
529,2,2,4,3,1,2,2,4,3,3
530,1,2,3,2,1,2,4,2,2,3
531,1,3,3,2,1,2,3,2,2,3
532,2,2,4,2,1,2,3,1,2,2
533,2,3,5,4,1,2,3,3,2,2
534,2,2,3,1,1,2,2,1,2,2
535,1,2,6,4,1,1,2,2,1,1
536,2,1,1,1,1,2,4,3,3,4
537,2,3,4,3,1,1,2,3,2,2
538,2,4,4,3,1,1,2,3,2,2
539,2,4,3,2,1,2,2,3,3,3
540,2,2,3,2,1,1,3,3,3,3
541,1,3,4,3,1,2,3,3,2,3
542,2,2,5,3,1,2,2,2,2,2
543,2,3,5,4,1,1,1,4,2,2
544,1,1,4,3,1,2,3,3,3,3
545,2,1,2,2,1,2,3,4,3,4
546,2,3,4,3,1,2,2,3,2,2
547,2,1,5,3,1,1,2,1,2,1
548,2,2,2,1,1,2,3,3,3,3
549,2,3,5,4,1,2,3,3,2,2
550,2,1,5,3,1,1,2,2,2,2
551,1,3,2,1,1,1,4,3,3,3
552,1,3,5,3,1,2,3,1,2,1
553,2,2,3,2,1,2,2,3,3,3
554,1,3,4,2,1,1,3,1,2,2
555,2,2,3,2,1,2,4,3,3,3
556,2,3,5,4,1,1,2,3,2,2
557,2,2,4,3,2,1,3,2,2,2
558,1,1,4,2,1,1,2,2,2,2
559,2,2,3,3,1,1,3,4,3,3
560,2,3,6,4,1,2,2,1,1,1
561,1,1,3,2,1,2,3,2,3,3
562,2,3,3,1,1,2,1,3,3,3
563,2,2,3,2,1,2,3,3,3,3
564,2,3,3,2,1,2,2,3,3,3
565,1,2,4,2,1,2,2,2,2,2
566,2,2,2,1,1,1,2,3,3,3
567,2,2,4,3,1,1,3,3,3,2
568,2,1,6,4,1,2,1,2,1,1
569,1,3,3,3,1,2,4,3,3,3
570,1,1,2,1,2,2,1,4,3,4
571,2,2,4,3,2,2,2,3,3,3
572,2,4,4,3,1,2,2,3,3,3
573,1,3,4,3,1,2,2,3,2,2
574,2,1,4,3,1,2,4,3,3,3
575,2,3,4,3,1,2,2,2,2,2
576,1,2,4,3,1,1,4,2,2,2
577,1,2,3,1,1,2,4,1,2,2
578,2,2,4,4,1,2,2,4,3,3
579,2,3,5,4,1,2,3,3,2,2
580,2,2,4,3,1,2,4,3,3,3
581,2,1,3,3,1,2,2,4,3,3
582,1,3,4,4,1,1,3,4,3,3
583,2,1,2,2,2,2,4,3,3,4
584,1,2,5,4,2,1,1,3,2,2
585,1,3,3,2,1,2,2,3,3,3
586,1,4,3,2,1,1,3,3,3,3
587,1,2,4,3,1,2,3,3,3,3
588,2,2,3,2,1,1,4,2,3,3
589,2,3,4,4,1,2,4,3,3,3
590,2,2,3,2,1,2,1,3,3,3
591,2,2,5,4,2,2,2,2,2,2
592,2,3,2,1,1,2,4,3,3,4
593,1,2,3,2,1,2,3,3,3,3
594,2,2,4,3,1,2,3,3,3,3
595,1,4,4,3,1,2,1,3,2,2
596,2,3,3,2,1,1,1,4,3,3
597,2,2,5,3,1,1,2,2,2,1
598,2,3,4,4,2,2,2,4,3,3
599,2,2,5,3,1,2,2,1,2,1
600,1,4,2,2,1,2,4,4,3,4
601,1,2,3,2,1,2,3,3,3,3
602,1,3,5,3,1,2,3,1,2,1
603,1,1,3,2,1,1,4,2,3,3
604,2,4,5,4,2,2,3,3,2,2
605,2,2,4,2,1,2,2,1,2,2
606,1,2,5,3,1,2,2,1,2,1
607,2,2,3,2,1,2,3,3,3,3
608,1,2,4,3,1,2,3,2,2,2
609,2,3,4,2,1,2,3,2,2,2
610,1,3,3,3,1,2,3,4,3,3
611,1,2,4,4,1,2,4,4,3,3
612,2,4,4,3,1,2,3,2,2,2
613,1,1,2,2,1,2,4,4,3,4
614,1,3,5,3,1,2,2,2,2,2
615,2,3,2,1,2,1,3,3,3,3
616,1,2,4,3,1,2,3,3,3,3
617,1,2,5,3,2,2,2,1,1,1
618,2,3,3,2,2,2,2,3,3,3
619,2,2,3,2,1,2,3,3,3,3
620,2,2,3,2,1,2,3,2,3,3
621,2,2,4,2,1,2,2,1,2,2
622,1,2,5,3,1,1,1,1,1,1
623,2,4,3,2,1,2,3,3,3,3
624,2,4,3,3,1,2,4,3,3,3
625,1,3,2,1,1,2,3,3,3,3
626,2,3,4,2,1,1,2,1,2,2
627,2,2,4,3,1,2,1,3,2,2
628,2,2,4,3,1,1,2,3,2,2
629,1,2,2,2,1,1,3,4,3,4
630,2,3,4,3,1,2,4,3,3,3
631,2,2,5,3,1,2,1,2,2,2
632,2,2,4,3,1,1,2,3,2,2
633,2,4,3,2,1,2,4,3,3,3
634,2,2,2,1,1,2,4,2,3,3
635,2,4,4,2,1,2,2,2,2,2
636,2,3,3,2,1,2,3,2,3,3
637,1,2,4,3,1,1,3,3,3,2
638,2,2,5,4,1,2,2,2,2,2
639,1,3,3,2,1,2,3,2,3,3
640,1,1,3,2,1,2,3,2,3,3
641,2,4,5,4,1,1,2,2,2,1
642,1,3,5,4,1,2,3,3,2,2
643,2,2,4,3,1,2,1,3,2,2
644,2,1,4,3,1,2,1,4,3,3
645,1,4,3,2,1,2,3,2,3,3
646,1,3,3,2,1,2,3,2,2,3
647,1,1,4,3,1,2,2,3,2,3
648,2,4,4,3,2,1,4,1,2,2
649,2,4,4,2,1,1,3,1,2,2
650,2,2,5,4,1,2,3,3,2,3
651,1,3,4,2,1,2,2,2,2,2
652,2,3,5,4,1,1,3,2,2,2
653,2,3,2,2,1,2,3,4,3,4
654,2,2,3,2,1,1,4,3,3,3
655,1,3,5,3,1,1,1,2,2,1
656,2,3,3,2,1,2,2,4,3,3
657,2,1,4,3,1,2,3,2,2,2
658,1,2,4,3,1,1,2,2,2,2
659,1,3,3,1,1,2,1,2,2,2
660,2,4,4,2,1,1,2,1,2,2
661,2,1,3,2,1,1,3,2,2,3
662,2,2,4,2,1,2,1,2,2,2
663,2,2,3,2,1,2,3,2,3,3
664,1,3,4,2,1,1,1,3,2,2
665,1,4,3,1,1,1,2,2,2,2
666,2,2,3,3,1,1,4,3,3,3
667,2,3,2,1,1,2,3,3,3,3
668,1,2,4,3,1,2,2,3,2,3
669,2,4,2,2,1,2,3,4,3,4
670,2,2,2,1,1,2,4,3,3,3
671,1,1,2,2,1,2,4,3,3,4
672,2,3,4,2,1,1,2,2,2,2
673,1,2,3,2,1,2,2,3,3,3
674,1,3,4,3,2,2,2,2,2,2
675,2,2,3,2,1,1,2,3,3,3
676,2,3,2,1,1,1,4,3,3,3
677,2,3,4,3,1,2,3,3,3,2
678,2,2,3,2,1,1,2,3,3,3
679,1,2,3,2,1,2,3,3,3,3
680,2,2,3,3,2,2,3,4,3,4
681,2,3,4,3,1,2,3,2,2,2
682,1,3,3,2,1,2,3,3,3,3
683,2,4,3,2,1,2,2,3,3,3
684,1,1,5,3,1,1,2,2,2,1
685,2,3,3,1,1,2,3,1,2,2
686,1,2,4,2,1,2,4,1,2,2
687,2,3,3,3,1,1,3,4,3,3
688,1,3,3,2,1,1,4,3,3,3
689,2,3,4,3,2,1,3,3,3,2
690,2,2,5,4,1,2,2,2,2,2
691,2,3,2,1,1,1,3,3,3,3
692,2,3,3,1,1,2,3,1,2,2
693,1,2,2,2,1,1,4,4,3,4
694,2,3,4,3,1,2,2,3,2,3
695,1,2,5,4,1,1,3,1,2,1
696,1,3,5,3,1,2,2,2,2,2
697,1,3,4,3,1,2,2,2,2,2
698,2,2,3,2,1,2,1,4,3,3
699,1,2,5,4,2,2,2,3,2,2
700,2,2,4,2,1,2,2,2,2,2
701,1,2,6,4,1,1,2,2,1,1
702,2,4,3,3,1,1,4,3,3,3
703,2,3,3,3,1,2,3,4,3,4
704,2,2,5,4,2,2,3,2,2,2
705,1,1,3,2,1,2,4,3,3,3
706,1,2,4,3,1,2,2,2,2,2
707,2,2,4,3,1,2,3,3,2,3
708,2,2,3,2,1,2,4,2,3,3
709,1,3,4,3,1,2,4,2,2,2
710,2,1,4,3,1,2,3,3,3,3
711,2,3,4,3,1,2,3,3,3,3
712,2,4,4,3,1,1,3,2,2,2
713,2,2,3,2,2,2,3,2,2,3
714,1,3,4,3,1,1,3,3,3,2
715,1,1,5,3,1,2,2,2,2,2
716,1,2,5,4,1,2,2,3,2,2
717,2,3,2,1,1,2,3,3,3,3
718,1,2,5,3,1,2,2,2,2,2
719,2,3,2,1,2,2,2,4,3,4
720,1,2,3,1,1,2,2,1,2,2
721,2,4,3,2,2,2,4,2,3,3
722,1,4,4,3,1,2,4,2,2,2
723,2,2,3,2,1,2,1,3,3,3
724,1,3,5,4,2,2,1,3,2,2
725,2,4,4,2,1,2,2,1,2,2
726,2,2,4,3,1,2,1,3,2,2
727,2,2,3,2,1,2,4,2,3,3
728,1,1,3,2,1,2,1,3,3,3
729,1,2,5,3,2,2,2,2,2,2
730,2,2,5,4,2,2,2,2,2,2
731,2,2,4,3,1,2,4,1,2,2
732,1,2,4,3,1,2,3,2,2,2
733,1,2,4,3,1,1,2,4,3,3
734,2,2,2,1,1,2,2,3,3,3
735,2,2,5,3,1,2,3,1,1,1
736,2,1,4,2,1,2,4,1,2,2
737,2,3,4,3,1,2,1,3,2,2
738,2,3,4,2,1,1,1,2,2,2
739,2,1,3,2,1,2,1,3,3,3
740,2,1,5,3,1,2,1,2,2,2
741,1,3,4,3,1,1,2,2,2,2
742,1,2,3,2,1,2,1,3,3,3
743,1,2,5,3,1,2,2,2,2,2
744,1,3,2,1,1,1,4,2,3,3
745,2,4,3,1,1,1,3,1,2,2
746,1,3,2,2,1,2,4,3,3,3
747,2,3,4,3,1,1,2,2,2,2
748,2,2,4,3,2,2,3,2,2,3
749,1,3,2,1,1,1,3,4,3,4
750,2,2,3,3,1,2,3,4,3,3
751,2,3,3,1,1,1,2,1,2,2
752,2,4,4,2,1,2,1,2,2,2
753,1,3,5,3,2,2,2,2,2,2
754,2,2,2,1,1,2,3,3,3,3
755,1,2,3,2,1,2,1,3,3,3
756,2,3,4,2,1,2,2,2,2,2
757,2,2,3,2,1,2,3,3,3,3
758,2,2,3,1,1,2,2,2,2,2
759,1,3,4,3,1,2,3,3,2,3
760,2,3,4,3,2,1,3,3,3,3
761,1,1,3,1,1,2,1,2,2,2
762,2,1,5,3,1,2,3,1,1,1
763,1,3,5,4,1,2,3,2,2,2
764,2,1,2,1,1,2,4,3,3,4
765,1,3,3,2,1,2,2,4,3,3
766,2,1,4,3,1,1,3,2,2,2
767,2,3,4,4,1,2,3,3,2,3
768,2,1,4,3,2,2,1,3,2,2
769,2,2,4,2,1,2,3,1,2,2
770,1,2,4,2,1,2,1,2,2,2
771,2,2,3,2,1,2,2,4,3,3
772,2,1,5,4,2,2,3,2,2,2
773,2,2,4,3,2,2,3,2,2,2
774,1,2,3,2,1,2,2,3,3,3
775,2,2,3,2,1,2,2,3,3,3
776,2,4,4,3,2,2,1,4,3,3
777,1,3,5,3,1,2,1,2,2,1
778,1,3,4,3,1,2,3,2,2,2
779,2,4,4,3,1,2,3,3,2,3
780,1,3,4,3,1,2,3,3,2,3
781,2,3,2,1,1,2,3,3,3,3
782,1,1,3,2,1,2,4,3,3,3
783,1,4,5,4,1,1,3,3,2,2
784,1,2,4,3,1,1,3,3,3,3
785,1,3,1,1,2,2,4,4,4,4
786,2,3,4,3,1,1,2,2,2,2
787,2,3,4,3,1,2,3,3,3,3
788,1,4,2,1,1,2,2,3,3,3
789,2,2,4,2,1,2,2,1,2,2
790,1,1,2,2,1,2,3,4,3,4
791,2,2,6,4,1,1,2,2,1,1
792,1,1,5,3,1,2,2,1,2,1
793,2,2,4,2,1,2,1,2,2,2
794,2,4,2,1,1,2,3,2,3,3
795,2,3,5,3,1,2,3,1,2,1
796,1,4,3,2,1,2,2,3,3,3
797,2,1,3,2,1,1,2,4,3,3
798,2,3,5,4,1,1,4,2,2,2
799,1,3,6,4,1,2,3,1,1,1
800,2,2,5,3,1,1,2,1,2,1
801,1,2,3,1,1,2,3,1,2,2
802,2,1,4,3,2,1,2,2,2,2
803,2,4,2,1,1,1,2,4,3,3
804,1,3,3,2,1,2,1,4,3,3
805,1,1,5,4,1,1,2,3,2,2
806,2,3,2,1,1,2,2,4,3,4
807,1,2,4,2,1,1,2,2,2,2
808,2,2,3,2,1,2,1,3,3,3
809,2,3,4,3,1,1,1,3,2,2
810,2,2,4,4,1,2,3,4,3,3
811,2,3,3,3,1,1,4,3,3,3
812,1,3,2,1,1,2,2,3,3,3
813,2,1,5,4,1,1,2,3,2,2
814,2,2,3,2,1,2,3,2,2,3
815,1,2,5,4,1,1,3,2,2,2
816,1,1,4,3,2,2,2,3,2,3
817,1,1,3,2,1,2,3,3,3,3
818,2,3,3,3,1,2,3,4,3,3
819,2,2,5,4,1,2,4,2,2,2
820,2,2,4,3,1,2,3,3,2,2
821,1,1,2,1,2,1,2,4,3,4
822,1,3,3,1,1,2,1,2,2,2
823,1,2,4,3,1,2,3,3,3,3
824,1,4,3,2,1,2,3,2,2,3
825,1,3,3,2,1,2,1,4,3,3
826,2,3,5,3,1,2,2,2,2,2
827,1,2,2,2,2,1,3,4,4,4
828,1,3,2,1,1,2,1,4,3,4
829,1,1,5,4,1,2,2,3,2,2
830,2,2,3,1,1,2,3,1,2,2
831,1,1,5,3,1,2,2,2,2,2
832,2,3,2,2,1,1,3,4,3,4
833,2,1,3,2,1,1,4,3,3,3
834,2,2,5,3,1,1,1,1,1,1
835,1,2,4,3,1,2,3,2,2,2
836,2,3,4,2,1,1,2,2,2,2
837,2,2,3,2,1,1,1,4,3,3
838,1,4,4,2,2,1,4,1,2,2
839,2,3,3,2,1,2,3,2,3,3
840,2,4,4,2,1,2,1,2,2,2
841,1,1,5,3,1,1,2,2,2,2
842,2,2,3,2,1,2,3,2,3,3
843,2,1,2,1,1,2,2,3,3,3
844,1,1,3,2,1,2,2,3,3,3
845,2,1,4,3,1,1,2,3,2,2
846,2,1,6,4,1,1,2,2,1,1
847,2,3,4,3,1,1,4,1,2,2
848,2,3,6,4,1,2,2,1,1,1
849,2,2,3,2,1,2,2,3,3,3
850,2,3,4,4,1,2,4,4,3,3
851,2,3,4,2,2,2,3,1,2,2
852,2,2,6,4,1,2,3,1,1,1
853,2,3,5,4,1,1,3,3,2,2
854,1,2,2,1,1,2,3,2,3,3
855,2,4,3,1,1,2,4,1,2,2
856,2,1,6,4,1,2,1,2,1,1
857,1,4,2,2,1,1,3,4,3,4
858,1,3,4,3,1,1,4,1,2,2
859,2,3,4,4,1,2,3,4,3,3
860,2,4,4,2,1,2,3,1,2,2
861,1,4,4,2,1,2,1,1,1,1
862,2,2,4,3,1,2,3,3,3,3
863,1,3,2,1,1,2,4,2,3,3
864,2,2,5,4,1,2,1,3,2,2
865,1,4,4,2,1,2,1,2,2,2
866,2,2,4,2,1,2,1,1,2,2
867,1,1,4,3,1,2,4,2,2,3
868,2,4,5,3,2,2,1,2,2,2
869,1,2,5,3,1,2,1,1,1,1
870,2,2,4,4,1,2,4,3,3,3
871,2,2,4,2,1,1,2,1,2,1
872,2,2,4,3,1,2,2,3,2,2
873,2,4,4,3,1,2,2,3,2,3
874,1,2,6,4,1,1,1,2,1,1
875,2,4,4,3,1,2,3,2,2,2
876,1,2,4,3,1,1,4,2,2,2
877,1,2,3,2,1,2,2,4,3,3
878,1,1,4,2,1,1,2,2,2,2
879,2,3,4,2,1,2,2,1,2,2
880,2,2,3,2,1,2,2,3,3,3
881,2,1,5,4,1,2,3,2,2,2
882,1,3,3,2,1,1,2,4,3,3
883,2,2,4,3,1,2,3,3,3,3
884,2,2,3,2,1,2,4,2,3,3
885,2,2,4,3,1,2,3,2,2,2
886,2,4,1,1,1,2,4,4,4,4
887,1,3,3,1,1,1,2,2,2,2
888,1,3,5,3,1,1,3,1,1,1
889,1,2,4,3,1,2,2,4,3,3
890,1,3,2,2,1,1,4,4,3,4
891,2,3,3,2,2,2,4,2,3,3
892,2,1,3,3,1,2,3,4,3,4
893,2,2,4,2,1,1,2,2,2,2
894,1,1,4,2,1,1,2,2,2,2
895,1,1,5,4,1,1,3,3,2,2
896,1,2,5,3,1,1,3,1,2,1
897,2,4,3,2,1,2,3,2,3,3
898,2,3,3,2,1,2,3,3,3,3
899,2,1,5,4,1,2,2,3,2,2
900,2,1,3,2,1,2,2,3,3,3
901,2,1,4,2,1,2,1,2,2,2
902,2,3,5,3,1,2,2,1,2,1
903,2,2,2,1,1,2,2,4,3,4
904,2,3,3,1,1,1,2,1,2,2
905,2,2,5,3,1,1,2,1,1,1
906,1,4,4,3,1,2,2,4,3,3
907,1,3,3,2,2,2,3,3,3,3
908,1,2,4,3,1,2,2,3,2,3
909,2,3,4,3,2,2,1,3,2,3
910,1,3,2,2,1,2,3,4,4,4
911,1,1,5,4,2,2,2,3,2,2
912,2,3,3,2,1,2,4,3,3,3
913,1,2,3,2,1,2,3,2,2,3
914,1,3,5,3,1,2,1,2,2,1
915,1,4,5,4,1,2,4,2,2,2
916,1,2,3,3,1,1,4,3,3,3
917,2,4,4,3,1,1,1,3,2,2
918,2,3,4,3,1,1,4,2,2,2
919,2,2,3,2,1,1,4,2,3,3
920,2,2,4,3,1,2,2,3,3,2
921,2,3,3,1,1,2,3,2,3,3
922,2,2,6,4,2,2,2,1,1,1
923,1,2,4,2,1,2,2,2,2,2
924,1,3,4,2,1,2,2,1,2,2
925,2,2,3,2,2,2,3,2,2,3
926,1,3,5,4,1,2,2,3,2,2
927,2,3,4,2,1,2,2,1,2,2
928,2,2,3,1,2,1,2,2,2,2
929,1,4,5,4,1,2,1,4,2,2
930,1,2,5,4,1,2,3,3,2,2
931,1,2,4,2,1,2,1,2,2,2
932,2,3,4,3,1,2,3,3,2,2
933,1,2,2,1,1,2,4,2,3,3
934,2,2,3,2,1,2,3,2,2,3
935,1,2,2,1,2,2,4,2,3,3
936,2,4,2,2,1,2,3,4,3,4
937,1,1,4,3,1,2,3,3,2,3
938,2,4,3,3,1,1,3,4,3,3
939,1,3,3,2,1,2,3,4,3,4
940,2,3,5,4,1,1,3,2,2,2
941,2,1,4,3,1,2,2,2,2,2
942,2,3,2,1,1,2,3,2,3,3
943,2,1,4,3,1,1,3,3,3,3
944,2,2,4,3,1,1,3,2,2,2
945,2,2,5,3,1,1,3,1,2,1
946,2,4,3,2,1,1,3,2,2,2
947,1,1,4,2,1,2,3,1,2,2
948,1,3,3,2,2,2,2,3,3,3
949,2,2,2,2,1,1,4,3,3,4
950,1,3,5,3,1,2,2,2,2,2
951,2,2,3,2,1,2,3,2,2,3
952,2,2,5,3,1,2,3,1,2,1
953,1,3,3,1,1,1,4,1,2,2
954,2,3,4,3,1,2,2,3,2,2
955,2,2,5,3,1,1,4,1,2,1
956,1,2,2,1,1,1,2,4,3,4
957,2,4,4,2,1,2,2,1,2,2
958,2,1,4,4,1,1,3,4,3,3
959,1,2,4,3,1,2,4,1,2,2
960,2,2,4,2,1,2,2,1,2,2
961,1,3,4,2,1,1,2,2,2,2
962,2,3,5,3,2,2,3,1,2,1
963,2,4,4,2,1,2,1,1,2,1
964,2,4,3,2,1,2,3,2,3,3
965,1,1,3,1,1,2,1,3,3,3
966,1,3,5,4,1,2,4,2,2,2
967,2,2,5,3,1,1,1,2,2,1
968,1,1,4,3,1,2,4,2,2,3
969,2,2,4,2,1,2,2,2,2,2
970,1,3,5,4,1,2,2,2,2,2
971,2,2,5,3,1,1,1,2,2,1
972,2,3,4,3,1,1,2,3,2,2
973,1,3,3,2,1,2,3,2,2,3
974,2,4,5,3,1,2,3,1,2,2
975,1,4,4,2,1,2,2,1,2,2
976,2,3,5,3,1,2,1,2,2,1
977,2,2,4,2,1,2,2,1,2,2
978,1,4,5,3,1,2,1,2,2,1
979,2,3,3,2,1,2,4,2,3,3
980,2,3,4,3,1,1,1,3,2,2
981,2,3,3,2,1,1,3,3,3,3
982,2,2,6,4,1,2,2,2,2,1
983,1,3,4,2,1,2,2,2,2,2
984,2,2,4,2,2,2,3,1,2,2
985,2,1,4,3,1,2,2,3,2,2
986,1,2,2,2,1,1,3,4,3,4
987,1,1,4,2,1,2,2,1,2,2
988,2,3,4,2,1,2,2,1,2,2
989,1,3,4,3,1,2,2,3,2,2
990,1,3,2,2,2,2,4,3,3,4
991,2,3,5,3,2,2,3,1,2,2
992,2,2,4,2,1,2,2,2,2,2
993,2,3,5,4,1,2,2,3,2,2
994,1,3,3,2,1,2,3,2,3,3
995,2,2,5,3,1,2,2,2,2,2
996,1,4,4,2,1,2,2,1,2,2
997,2,1,2,1,1,2,2,3,3,3
998,1,3,4,2,1,2,2,2,2,2
999,2,3,1,1,1,2,4,4,4,4
1000,1,3,3,2,1,2,3,3,3,3
1001,2,2,5,3,1,2,2,2,2,2
1002,2,4,4,3,1,1,3,2,2,2
1003,1,3,5,3,1,2,2,2,2,2
1004,1,3,4,3,1,2,1,3,2,2
1005,2,3,4,3,1,1,3,2,2,2
1006,1,3,3,2,1,1,1,3,3,3
1007,2,3,5,3,1,1,2,2,2,2
1008,1,2,4,2,1,2,1,1,2,1
1009,2,3,3,2,1,1,2,3,3,3
1010,2,3,2,1,2,2,2,4,3,4
1011,2,3,3,3,1,1,3,4,3,3
1012,2,2,5,4,1,2,3,2,2,2
1013,1,2,3,3,1,2,4,3,3,3
1014,2,1,4,3,1,2,3,2,2,2
1015,2,1,3,2,1,2,4,3,3,3
1016,1,2,3,2,1,2,2,4,3,3
1017,2,2,4,2,1,1,1,2,2,2
1018,2,2,4,2,1,2,1,2,2,2
1019,2,2,4,2,1,2,2,2,2,2
1020,2,2,3,2,1,2,2,3,3,3
1021,1,4,4,4,2,2,3,4,3,3
1022,2,4,3,2,1,2,2,4,3,3
1023,1,1,5,3,1,2,2,1,2,1
1024,2,3,4,3,2,2,3,2,2,2
1025,2,2,2,1,1,2,2,4,3,4
1026,1,3,4,3,1,1,3,2,2,2
1027,2,2,3,2,1,1,4,3,3,3
1028,2,2,3,2,1,2,3,3,3,3
1029,1,2,2,1,1,2,2,3,3,3
1030,1,4,5,4,2,2,3,3,2,2
1031,1,3,5,4,1,2,2,2,2,2
1032,2,2,4,2,1,1,1,3,2,2
1033,1,3,4,2,1,2,2,2,2,2
1034,2,3,5,3,1,2,2,2,2,2
1035,2,3,4,3,1,2,3,2,2,2
1036,1,2,6,4,1,2,2,1,1,1
1037,2,3,3,2,1,2,4,2,3,3
1038,2,3,4,3,1,2,3,3,3,3
1039,2,2,3,2,1,2,2,4,3,3
1040,1,3,4,3,1,2,3,3,2,3
1041,2,3,4,2,1,1,2,1,2,2
1042,1,1,3,2,1,2,3,3,3,3
1043,2,3,3,2,1,2,3,3,3,3
1044,2,3,4,3,1,2,2,3,3,3
1045,2,2,3,1,1,1,1,2,2,2
1046,2,4,5,3,1,1,2,1,1,1
1047,2,3,4,3,1,1,4,2,2,2
1048,1,3,4,3,1,2,2,2,2,2
1049,1,3,4,3,1,2,1,3,2,3
1050,2,3,3,2,1,2,3,2,3,3
1051,1,3,4,3,1,2,2,3,2,3
1052,2,4,4,4,1,2,3,4,3,3
1053,1,3,5,4,1,2,3,2,2,2
1054,1,2,5,3,1,2,3,1,2,2
1055,2,2,5,3,1,1,2,2,2,2
1056,1,3,3,2,1,2,2,3,3,3
1057,2,2,2,2,1,2,4,3,3,4
1058,2,4,4,2,1,2,2,2,2,2
1059,2,2,4,3,1,1,3,3,3,3
1060,2,1,2,1,1,1,2,3,3,3
1061,2,1,3,2,2,2,3,2,3,3
1062,2,2,5,4,1,1,1,3,2,2
1063,2,2,2,1,1,2,3,4,3,4
1064,1,3,3,1,1,2,2,2,2,2
1065,1,4,3,2,1,2,4,1,2,2
1066,2,3,3,2,1,2,3,3,3,3
1067,2,2,3,2,1,1,3,3,3,3
1068,1,1,5,4,1,2,4,2,2,2
1069,2,4,4,3,1,2,3,3,3,3
1070,1,3,3,1,1,1,2,2,2,2
1071,1,3,5,4,1,1,2,2,2,1
1072,1,3,2,2,1,2,4,3,3,4
1073,1,4,2,2,1,2,4,4,4,4
1074,1,2,5,4,1,2,2,4,3,3
1075,2,3,2,1,1,2,4,3,3,3
1076,1,1,5,3,1,2,2,1,2,1
1077,1,2,4,3,1,1,3,3,2,2
1078,1,4,4,3,1,2,3,2,2,2
1079,2,2,4,2,1,2,2,1,2,2
1080,2,3,6,4,1,1,1,2,1,1
1081,2,3,5,4,1,2,3,2,2,2
1082,2,3,4,3,1,1,3,3,2,2
1083,2,1,2,1,1,2,3,3,3,4
1084,1,2,3,1,1,1,2,2,2,2
1085,1,3,5,4,1,1,2,4,2,2
1086,1,3,5,3,1,2,2,2,2,2
1087,2,3,3,2,1,2,3,3,3,3
1088,1,3,2,1,1,2,2,3,3,3
1089,1,4,5,3,1,2,1,2,2,1
1090,2,2,3,2,1,2,3,2,3,3
1091,1,3,4,3,1,2,3,3,2,3
1092,1,1,4,3,1,2,3,2,2,3
1093,1,3,5,4,1,2,4,2,2,2
1094,1,3,4,3,1,1,4,2,2,2
1095,2,2,3,1,1,2,3,1,2,2
1096,1,4,3,2,1,2,2,3,3,3
1097,2,2,4,3,1,1,3,3,3,2
1098,2,2,3,3,2,1,4,3,3,3
1099,2,2,4,3,2,2,3,2,2,2
1100,2,3,4,2,2,2,2,2,2,2
1101,1,3,3,2,1,2,3,2,3,3
1102,2,4,3,3,1,2,4,3,3,3
1103,1,3,3,2,1,2,3,3,3,3
1104,1,2,4,3,2,1,3,3,3,2
1105,1,3,3,2,1,1,3,2,3,3
1106,1,3,5,4,1,2,2,2,2,2
1107,1,3,4,3,1,2,3,3,3,3
1108,2,1,5,4,2,2,4,1,2,2
1109,2,3,4,2,1,2,1,1,2,2
1110,2,2,5,3,1,2,1,2,2,2
1111,2,3,2,1,1,2,2,3,3,3
1112,1,2,4,3,1,2,3,3,2,3
1113,1,3,3,2,1,2,3,3,3,3
1114,2,2,4,2,1,1,1,2,2,2
1115,1,2,4,3,1,1,4,2,2,2
1116,2,2,4,2,1,2,2,2,2,2
1117,2,2,2,2,1,2,4,4,4,4
1118,1,2,3,2,1,2,4,2,3,3
1119,2,4,2,1,1,2,3,3,4,3
1120,1,2,3,2,1,1,3,2,3,3
1121,1,3,4,3,1,2,4,2,2,3
1122,2,3,4,3,1,1,4,3,3,2
1123,1,2,5,4,1,2,1,3,2,2
1124,2,4,4,3,1,2,1,3,2,2
1125,1,1,3,2,1,2,1,4,3,3
1126,2,2,5,4,1,2,3,3,2,2
1127,2,4,3,2,1,2,1,3,3,3
1128,1,2,3,3,1,2,2,4,3,3
1129,2,3,5,4,1,2,3,3,2,2
1130,1,1,4,2,1,1,3,1,2,2
1131,2,2,5,4,1,2,3,2,2,2
1132,2,2,4,2,1,1,3,1,2,2
1133,1,3,4,3,1,2,2,3,2,2
1134,1,1,4,3,1,2,4,2,2,2
1135,2,3,4,2,1,1,2,2,2,2
1136,1,2,3,2,1,2,3,3,3,3
1137,2,4,2,2,1,2,4,3,3,4
1138,1,3,4,1,1,2,1,1,2,2
1139,1,1,5,4,1,1,3,2,2,2
1140,2,1,5,3,1,1,2,2,2,1
1141,2,4,2,2,1,2,3,4,4,4
1142,2,3,5,3,1,1,3,1,2,1
1143,1,3,2,2,1,2,4,4,3,4
1144,2,2,2,1,1,2,3,3,3,4
1145,2,1,3,2,1,2,3,3,3,3
1146,2,2,4,3,1,1,3,3,2,2
1147,1,2,3,1,1,1,2,2,2,2
1148,1,2,3,1,2,2,2,2,2,3
1149,1,2,4,3,1,2,2,3,2,2
1150,2,1,3,2,1,2,2,3,3,3
1151,1,3,6,4,1,2,3,1,1,1
1152,1,2,3,2,1,2,2,3,3,3
1153,2,2,4,2,1,1,1,2,2,2
1154,1,3,4,2,2,2,2,2,2,2
1155,1,3,2,2,1,1,3,4,3,4
1156,1,2,2,1,1,2,3,2,3,3
1157,1,3,3,2,1,2,3,2,3,3
1158,1,1,4,3,1,2,3,2,2,2
1159,1,3,3,2,1,1,3,3,3,3
1160,1,3,5,4,1,1,2,3,2,2
1161,1,3,3,3,2,2,3,4,3,3
1162,2,3,2,1,1,2,2,3,3,3
1163,2,2,4,3,2,2,2,3,2,3
1164,1,2,5,4,1,1,1,3,2,2
1165,2,2,2,1,1,1,3,3,3,3
1166,2,3,3,3,1,2,4,4,3,4
1167,2,2,3,2,1,2,3,3,3,3
1168,2,1,3,2,1,2,3,2,2,3
1169,2,4,5,3,2,1,1,1,1,1
1170,2,1,4,4,2,2,4,3,3,3
1171,1,4,3,2,1,1,2,3,3,2
1172,1,3,4,2,1,2,2,1,2,2
1173,1,2,5,3,1,1,2,2,2,2
1174,1,2,6,4,1,2,1,2,1,1
1175,2,2,2,1,1,2,2,4,3,4
1176,2,2,4,3,1,2,4,2,2,2
1177,2,2,3,1,1,2,1,2,2,2
1178,1,3,5,4,1,2,3,2,2,2
1179,1,3,2,2,1,1,4,4,4,4
1180,1,2,5,4,1,2,3,3,2,2
1181,2,4,3,3,1,2,2,4,3,3
1182,1,3,4,2,1,2,1,2,2,2
1183,2,4,3,2,1,2,3,3,3,3
1184,2,3,4,2,1,2,4,1,2,2
1185,2,3,4,3,1,2,3,2,2,2
1186,1,2,4,3,1,2,3,3,3,3
1187,2,2,4,3,1,2,1,3,2,2
1188,2,2,3,3,1,1,4,3,3,3
1189,2,2,4,4,1,1,3,4,3,3
1190,2,4,4,2,1,2,2,2,2,2
1191,1,2,5,4,1,1,1,3,2,2
1192,2,3,3,2,1,2,3,2,2,3
1193,1,4,4,3,1,2,3,3,3,3
1194,2,3,3,2,1,1,3,3,3,3
1195,2,3,5,3,1,2,1,2,2,2
1196,1,3,4,2,1,1,2,2,2,2
1197,1,2,2,2,1,2,3,4,3,4
1198,2,2,4,3,1,2,2,4,3,3
1199,1,2,4,3,1,2,3,2,2,2
1200,1,2,4,4,1,2,2,4,3,3
1201,2,4,3,2,1,2,3,3,3,3
1202,1,2,3,3,1,2,4,3,3,3
1203,2,2,3,2,1,2,3,3,3,3
1204,1,3,2,1,1,2,3,3,3,4
1205,1,2,3,3,1,2,4,3,3,3
1206,2,2,3,2,1,1,2,4,3,3
1207,2,3,3,2,1,2,3,2,3,3
1208,2,3,5,4,2,2,2,3,2,2
1209,2,1,2,1,1,2,2,3,3,3
1210,2,2,4,3,1,2,3,3,3,3
1211,2,3,3,2,1,1,3,2,3,2
1212,1,3,3,2,1,2,3,2,2,3
1213,2,1,4,3,1,1,3,3,3,3
1214,1,4,2,1,1,1,3,4,3,4
1215,2,2,4,3,1,2,3,3,3,3
1216,2,2,3,2,1,2,1,3,3,3
1217,1,3,4,3,1,2,2,4,3,3
1218,2,1,3,2,1,1,4,3,3,3
1219,2,3,3,2,1,1,2,3,3,3
1220,1,2,3,2,1,1,2,3,3,3
1221,1,3,4,2,1,2,2,2,2,2
1222,2,1,3,1,1,2,1,2,2,2
1223,2,1,4,3,1,1,2,3,2,2
1224,2,1,4,4,1,2,4,4,3,3
1225,2,4,4,4,1,2,3,4,3,3
1226,2,3,3,1,1,2,1,1,2,2
1227,2,2,5,4,1,2,3,3,2,2
1228,1,3,4,3,2,2,3,3,2,3
1229,1,2,5,4,1,2,2,3,2,2
1230,2,2,6,4,2,2,2,1,1,1
1231,1,1,4,4,1,1,2,4,3,3
1232,1,2,3,2,1,1,4,2,2,3
1233,2,1,3,2,1,2,2,3,3,3
1234,2,3,5,3,2,1,1,2,2,1
1235,2,1,4,2,1,2,1,3,2,2
1236,2,2,3,2,1,2,3,2,3,3
1237,1,2,3,2,1,1,3,2,3,2
1238,2,4,4,3,1,2,3,2,2,2
1239,1,1,3,1,1,1,2,2,2,2
1240,1,2,2,2,2,2,4,4,4,4
1241,2,2,2,2,1,1,3,4,3,4
1242,1,3,4,3,1,1,1,4,2,2
1243,2,2,2,1,2,2,1,4,3,4
1244,2,2,4,2,1,2,1,1,2,1
1245,1,3,5,4,1,2,4,2,2,2
1246,1,2,5,3,1,1,1,2,2,1
1247,2,3,3,2,1,2,3,2,2,3
1248,1,4,5,4,1,1,2,2,2,1
1249,2,1,3,2,1,2,2,4,3,3
1250,2,3,5,3,1,2,1,2,2,1
1251,2,2,3,1,1,1,1,2,2,2
1252,1,1,2,1,1,1,4,2,3,3
1253,1,4,3,2,1,1,3,2,2,2
1254,2,2,4,3,1,2,2,3,2,3
1255,1,3,3,1,2,1,2,1,2,2
1256,2,3,4,3,1,1,3,3,2,2
1257,2,2,2,2,1,2,4,3,3,4
1258,2,2,5,4,1,2,2,3,2,2
1259,1,2,4,3,1,1,2,3,2,2
1260,2,2,3,3,1,2,3,4,3,4
1261,2,2,4,2,1,1,2,2,2,2
1262,2,3,1,1,1,1,3,4,4,4
1263,2,3,3,2,1,1,2,4,3,3
1264,2,3,4,3,1,2,4,1,2,2
1265,1,4,2,1,1,2,2,3,3,3
1266,2,3,5,3,1,2,2,1,2,1
1267,2,3,5,3,1,2,2,2,2,2
1268,2,1,2,2,1,2,4,3,3,4
1269,1,3,5,4,1,2,1,3,2,2
1270,2,3,3,2,1,2,4,2,2,3
1271,1,4,3,2,1,1,3,2,2,2
1272,2,3,3,2,1,1,3,3,3,3
1273,2,2,3,1,1,2,2,2,2,2
1274,2,3,4,3,1,1,3,3,2,2
1275,2,1,5,4,1,2,4,2,2,2
1276,2,2,2,1,1,2,2,4,3,4
1277,2,2,3,2,1,1,2,3,3,3
1278,2,2,3,2,1,2,3,3,3,3
1279,2,2,3,1,1,2,2,1,2,2
1280,2,3,3,3,1,2,3,4,3,3
1281,2,2,3,2,1,1,3,3,3,3
1282,1,3,3,2,1,2,1,3,3,3
1283,1,4,3,2,1,2,3,3,3,3
1284,1,2,4,3,2,2,2,2,2,2
1285,2,4,2,1,1,2,3,3,3,4
1286,1,4,3,2,2,2,2,3,3,3
1287,1,2,4,4,1,1,3,3,3,3
1288,1,2,3,1,1,2,1,3,3,3
1289,2,2,3,2,1,2,4,3,3,3
1290,1,3,4,3,1,2,3,3,3,3
1291,1,1,4,2,2,2,2,1,2,2
1292,1,2,3,1,2,2,3,2,3,3
1293,2,1,5,4,2,2,3,2,2,2
1294,2,2,3,2,1,2,3,2,2,3
1295,2,1,4,2,1,2,2,1,2,2
1296,2,3,4,2,2,2,2,1,2,2
1297,1,2,4,2,1,2,1,2,2,2
1298,2,3,2,1,1,2,2,4,3,4
1299,2,3,3,3,1,2,3,4,3,3
1300,2,3,2,1,1,1,2,4,3,3
1301,1,1,1,1,1,2,4,4,4,4
1302,2,3,3,2,1,2,2,3,3,3
1303,1,2,3,2,1,1,3,3,3,3
1304,1,2,4,3,1,1,4,2,2,2
1305,2,3,5,4,1,2,3,3,2,2
1306,2,2,4,3,1,2,3,2,2,2
1307,2,3,5,4,1,2,4,3,2,2
1308,1,2,2,2,1,2,4,3,3,3
1309,2,2,5,4,1,2,2,3,2,2
1310,2,3,5,3,2,2,2,1,2,1
1311,2,3,3,2,1,1,4,3,3,3
1312,2,2,3,2,1,2,3,4,3,3
1313,2,2,4,2,1,1,1,2,2,2
1314,1,2,4,2,1,2,1,3,2,2
1315,1,3,5,3,1,2,1,1,1,1
1316,2,1,3,1,1,1,1,2,2,2
1317,2,2,4,3,1,2,2,2,2,2
1318,2,2,3,1,1,2,3,2,3,3
1319,2,4,3,2,1,1,2,3,3,3
1320,1,3,5,3,1,2,2,1,2,1
1321,1,3,3,1,1,2,1,2,2,2
1322,2,4,3,2,1,1,4,3,3,3
1323,2,2,4,2,1,2,2,2,2,2
1324,2,3,3,2,1,2,3,3,3,3
1325,1,2,3,2,1,1,2,4,3,3
1326,2,4,3,3,1,1,2,4,3,3
1327,1,2,5,4,1,2,3,3,2,2
1328,1,2,4,4,1,2,3,3,2,3
1329,1,4,4,3,1,1,3,3,2,2
1330,1,3,1,1,1,2,4,4,4,4
1331,1,4,4,2,1,1,2,2,2,2
1332,2,2,3,2,2,2,4,2,3,3
1333,1,3,5,3,1,2,1,2,2,1
1334,1,3,4,2,1,2,2,1,2,2
1335,1,4,3,2,1,2,3,3,3,3
1336,1,4,4,3,1,2,2,2,2,2
1337,2,1,6,4,2,2,2,1,1,1
1338,2,1,5,4,1,1,2,3,2,2
1339,1,4,4,3,2,1,2,2,2,2
1340,1,3,3,2,2,1,2,3,3,3
1341,2,3,4,4,2,2,4,3,3,3
1342,2,2,5,4,1,2,2,2,2,2
1343,2,3,2,1,1,2,3,3,3,3
1344,2,2,4,3,1,2,2,2,2,2
1345,1,3,3,3,1,2,2,4,3,3
1346,2,3,3,2,1,1,1,4,3,3
1347,1,2,3,2,1,1,2,4,3,3
1348,1,2,5,3,1,1,2,1,1,1
1349,1,3,3,2,1,1,2,3,2,2
1350,1,2,4,3,1,1,3,2,2,2
1351,2,3,2,1,1,2,2,3,3,3
1352,2,3,5,4,1,2,3,3,2,2
1353,1,2,3,2,1,1,3,2,3,2
1354,2,3,3,2,1,2,2,3,3,3
1355,2,3,3,2,1,2,3,2,3,3
1356,2,2,3,2,1,2,2,3,3,3
1357,1,4,3,2,1,1,3,3,3,3
1358,2,2,4,2,1,2,1,2,2,2
1359,1,3,2,1,1,2,3,3,3,4
1360,2,3,5,3,1,1,1,1,1,1
1361,2,3,3,2,1,2,2,3,3,3
1362,2,2,2,1,2,2,3,2,3,3
1363,1,1,5,3,1,2,2,1,2,1
1364,1,3,4,2,1,2,3,1,2,2
1365,2,3,1,1,1,2,3,4,4,4
1366,1,4,6,4,1,2,2,2,1,1
1367,1,1,4,4,2,2,3,3,3,3
1368,1,2,3,3,1,2,3,4,3,3
1369,1,3,5,4,1,2,4,2,2,2
1370,2,3,4,2,1,2,1,3,2,2
1371,1,1,5,3,1,2,1,2,2,1
1372,2,2,5,3,1,1,2,1,1,1
1373,2,2,3,2,1,2,3,4,3,4
1374,2,3,2,1,1,2,4,3,3,4
1375,1,3,2,1,1,2,4,2,3,3
1376,2,3,3,1,1,1,3,2,2,3
1377,2,2,5,2,1,2,1,1,1,1
1378,2,2,5,4,1,2,2,2,2,2
1379,1,2,3,3,1,2,3,4,3,3
1380,2,2,2,1,1,2,4,3,3,4
1381,2,1,5,3,2,1,2,2,2,2
1382,2,2,3,1,1,2,3,1,2,2
1383,2,2,2,1,2,1,2,4,3,3
1384,2,2,3,1,1,1,2,2,2,2
1385,2,3,4,3,1,2,3,2,2,2
1386,1,1,4,3,2,1,3,2,2,2
1387,2,1,2,2,1,2,3,4,3,4
1388,1,1,4,4,1,2,4,3,3,3
1389,2,2,4,3,1,2,4,2,2,2
1390,2,2,2,1,1,1,3,2,3,3
1391,1,1,4,4,1,2,3,4,3,3
1392,2,2,4,3,1,1,2,3,2,2
1393,2,3,4,2,1,2,2,1,2,2
1394,1,3,4,2,1,1,1,2,2,2
1395,1,1,5,3,1,2,1,2,2,2
1396,1,3,3,1,1,2,2,2,2,2
1397,2,2,3,2,1,2,2,3,3,3
1398,1,3,6,4,1,1,1,1,1,1
1399,2,3,4,2,1,1,2,2,2,2
1400,2,3,3,2,1,2,2,3,3,3
1401,2,3,3,1,1,2,1,2,2,2
1402,2,2,2,2,1,2,4,3,3,4
1403,2,2,3,2,1,1,4,2,2,3
1404,2,2,5,3,1,1,2,2,2,2
1405,2,4,3,1,1,2,2,2,3,3
1406,2,2,4,3,1,2,3,3,2,3
1407,1,2,4,4,1,2,3,4,3,3
1408,1,3,3,2,1,1,2,3,3,3
1409,1,4,4,3,1,1,3,2,2,2
1410,1,3,4,3,1,2,3,2,2,2
1411,1,3,4,2,1,2,3,1,2,2
1412,1,1,5,4,1,2,3,3,2,2
1413,2,2,4,4,1,2,3,4,3,3
1414,2,2,4,3,1,2,3,2,2,2
1415,1,4,3,2,1,1,4,2,3,3
1416,2,1,2,1,1,2,2,3,3,3
1417,2,3,4,3,1,2,3,2,2,2
1418,1,3,5,4,1,2,3,3,2,2
1419,1,3,5,3,1,2,2,2,2,2
1420,1,2,1,1,1,2,4,4,4,4
1421,2,3,3,2,1,2,3,2,3,3
1422,2,4,6,4,1,2,1,2,1,1
1423,2,3,4,3,1,2,4,2,2,2
1424,2,1,4,3,1,1,1,3,2,2
1425,1,3,5,4,1,1,2,2,2,2
1426,2,2,5,3,1,2,2,2,2,2
1427,2,3,3,2,2,2,3,3,3,3
1428,2,1,4,3,1,2,4,3,3,3
1429,1,2,3,2,1,2,3,3,3,3
1430,2,2,5,4,1,2,2,3,2,2
1431,1,3,4,3,1,2,3,3,3,3
1432,2,1,4,3,1,2,2,3,2,3
1433,1,2,5,4,1,1,2,3,2,2
1434,1,4,4,3,1,1,2,3,2,2
1435,2,2,3,2,1,2,3,3,3,3
1436,1,2,2,1,1,1,4,2,3,3
1437,2,3,5,3,1,2,2,1,1,1
1438,2,4,4,3,1,2,3,3,2,3
1439,2,4,3,2,1,1,2,3,3,3
1440,1,4,3,2,1,2,4,2,3,3
1441,1,3,3,2,1,1,1,3,3,2
1442,1,3,4,2,1,2,2,2,2,2
1443,1,3,3,1,1,1,2,2,2,2
1444,2,3,3,2,1,2,2,3,3,3
1445,2,3,4,3,1,2,2,3,2,3
1446,1,4,4,3,1,2,3,3,3,3
1447,2,3,5,4,1,1,2,3,2,2
1448,1,3,6,4,1,2,1,2,2,1
1449,2,2,3,2,2,2,2,3,3,3
1450,1,2,4,2,1,2,1,2,2,2
1451,1,2,4,3,1,2,3,2,2,2
1452,2,1,3,1,1,2,2,1,2,2
1453,2,3,5,3,1,2,2,1,2,1
1454,2,2,4,3,1,2,2,4,3,3
1455,2,3,5,3,1,1,2,1,2,1
1456,2,2,5,3,1,2,2,2,2,2
1457,2,2,3,1,1,2,1,2,2,3
1458,1,3,4,3,1,2,2,3,2,2
1459,1,4,2,1,1,2,4,3,3,4
1460,1,3,4,2,1,2,1,2,2,2
1461,2,4,4,2,1,2,2,1,2,2
1462,2,2,5,3,1,1,2,2,2,1
1463,2,2,4,3,1,2,4,2,2,2
1464,2,1,5,3,1,2,1,2,2,2
1465,2,3,4,3,1,1,2,3,2,2
1466,1,2,4,3,1,2,3,3,2,3
1467,1,1,4,2,1,2,3,2,2,2
1468,2,3,5,3,1,2,2,1,1,1
1469,1,3,3,2,1,2,3,3,3,3
1470,1,2,5,4,1,2,2,3,2,2
1471,1,4,5,4,1,2,1,2,2,2
1472,2,2,3,2,1,2,2,4,3,4
1473,2,1,2,1,1,1,2,3,3,3
1474,2,2,4,3,2,2,2,4,3,3
1475,1,3,5,4,2,2,2,2,2,2
1476,1,1,3,2,1,2,4,2,3,3
1477,2,3,4,4,2,2,2,4,3,3
1478,1,4,3,1,1,2,1,2,2,2
1479,2,2,3,1,2,2,2,2,2,3
1480,2,3,5,4,2,1,4,2,2,2
1481,2,2,2,1,2,2,2,3,3,3
1482,2,3,4,3,1,2,2,2,2,2
1483,1,2,3,2,1,2,2,4,3,3
1484,2,4,2,2,1,1,4,4,4,4
1485,2,1,4,3,1,2,3,2,2,2
1486,2,3,3,2,1,1,3,3,3,3
1487,1,3,2,1,1,1,3,2,3,3
1488,1,3,3,2,1,1,2,3,3,3
1489,1,2,4,2,1,2,1,2,2,2
1490,2,2,3,2,1,2,3,2,2,3
1491,2,2,4,3,1,2,3,3,3,3
1492,1,3,3,2,1,2,3,3,3,3
1493,2,1,3,3,1,1,3,4,3,3
1494,2,2,6,4,1,2,3,1,1,1
1495,2,3,5,3,1,2,2,2,2,2
1496,2,4,4,3,1,1,2,3,2,2
1497,2,2,3,2,2,2,3,2,3,3
1498,1,3,3,2,1,2,3,3,3,3
1499,2,2,4,3,1,2,3,2,2,2
1500,2,2,4,3,1,1,2,4,3,3
1501,2,3,3,3,1,1,3,4,3,3
1502,2,2,5,4,1,2,2,3,2,2
1503,2,2,3,2,1,1,3,3,3,3
1504,2,3,4,3,1,2,3,2,2,2
1505,2,2,2,1,1,2,2,3,3,3
1506,2,2,5,3,1,2,1,2,2,2
1507,2,4,4,3,1,2,4,2,2,2
1508,2,3,5,3,1,2,3,1,2,1
1509,1,2,2,1,2,2,4,1,3,3
1510,2,4,4,2,1,2,2,2,2,2
1511,2,4,5,3,1,2,1,2,2,2
1512,2,1,2,1,1,2,3,3,3,4
1513,1,3,3,2,1,2,3,2,2,3
1514,2,3,3,1,1,1,2,1,2,2
1515,1,2,5,3,1,2,3,1,2,1
1516,1,2,3,2,2,2,4,1,2,3
1517,2,4,4,4,1,2,4,3,3,3
1518,2,3,4,3,1,1,4,2,2,2
1519,1,4,3,2,1,2,1,3,3,3
1520,1,2,5,4,1,1,1,3,2,2
1521,2,3,2,2,2,2,3,4,3,4
1522,1,1,5,3,1,2,2,2,2,2
1523,2,2,5,3,1,2,2,2,2,2
1524,1,3,5,4,1,1,2,2,2,2
1525,1,2,4,2,1,2,3,1,2,2
1526,2,2,4,3,1,2,3,3,3,3
1527,2,3,3,2,2,2,1,3,3,3
1528,2,2,5,3,1,2,2,2,2,2
1529,2,3,3,2,1,2,2,3,3,3
1530,1,2,4,3,1,1,3,3,2,3
1531,2,2,6,4,1,1,3,1,1,1
1532,1,1,3,2,1,2,3,3,3,3
1533,2,4,5,3,1,2,3,1,1,1
1534,2,2,4,4,1,2,3,4,3,3
1535,1,1,5,4,1,2,2,3,2,2
1536,1,3,6,4,1,2,2,1,1,1
1537,2,4,5,3,1,1,1,2,2,1
1538,1,3,4,2,2,2,2,2,2,2
1539,2,3,2,1,1,1,3,3,3,3
1540,1,3,6,4,1,1,3,1,1,1
1541,2,1,5,3,1,2,3,1,2,1
1542,1,3,4,3,1,2,3,3,3,3
1543,1,3,3,2,1,2,4,3,3,3
1544,2,3,3,2,1,2,2,3,3,3
1545,2,3,2,1,1,1,3,3,3,3
1546,1,1,5,3,1,1,2,2,2,2
1547,2,1,3,2,1,1,1,4,3,3
1548,1,3,5,3,1,2,2,1,2,1
1549,2,4,4,2,1,2,1,2,2,2
1550,1,2,3,2,2,2,2,3,3,3
1551,2,2,3,2,2,2,1,3,3,3
1552,2,3,4,3,1,2,4,2,2,2
1553,1,4,4,2,1,2,2,2,2,2
1554,2,4,4,2,1,2,1,2,2,2
1555,1,2,2,1,1,2,3,2,3,3
1556,2,2,4,3,1,2,3,3,3,3
1557,2,1,4,3,2,1,1,3,2,2
1558,1,3,3,2,1,2,3,2,2,3
1559,2,2,1,1,1,2,4,4,4,4
1560,1,2,2,1,1,2,4,2,3,3
1561,2,3,4,3,1,2,4,3,3,3
1562,1,2,2,1,1,2,2,3,3,3
1563,1,2,4,3,1,1,2,3,2,2
1564,1,1,5,4,1,1,1,4,2,2
1565,1,4,3,2,1,2,3,2,2,2
1566,1,3,4,3,1,1,2,4,3,3
1567,2,2,4,3,2,2,2,3,2,3
1568,1,2,4,3,1,1,4,3,3,3
1569,2,2,3,2,2,2,2,3,3,3
1570,1,3,2,1,1,1,3,3,3,3
1571,2,2,3,2,1,1,3,3,3,3
1572,2,2,4,3,1,2,4,1,2,2
1573,2,3,3,2,1,2,3,3,3,3
1574,1,2,3,3,1,2,4,3,3,3
1575,1,3,4,4,1,1,4,4,3,3
1576,2,3,5,4,1,2,1,3,2,2
1577,1,4,4,2,1,2,2,2,2,2
1578,1,4,4,3,1,2,2,3,2,2
1579,2,2,4,2,1,2,1,2,2,2
1580,2,2,3,3,1,1,3,4,3,3
1581,2,4,3,2,2,2,3,3,3,3
1582,2,4,4,3,2,1,3,2,2,2
1583,1,2,2,1,1,2,3,2,3,3
1584,2,2,2,2,1,2,3,4,4,4
1585,1,3,3,2,1,2,2,3,3,3
1586,2,1,4,3,1,2,2,3,3,3
1587,2,2,5,3,1,2,2,2,2,2
1588,2,3,4,2,2,1,1,2,2,2
1589,2,3,3,3,1,2,4,3,3,3
1590,1,3,4,3,1,1,1,4,2,3
1591,2,3,6,4,1,2,3,1,1,1
1592,1,1,4,3,2,2,4,2,2,3
1593,2,3,4,2,1,2,4,1,2,2
1594,1,1,4,4,1,2,3,4,3,3
1595,1,1,3,3,1,1,4,4,3,3
1596,2,1,2,2,2,2,4,3,3,4
1597,1,3,4,3,1,1,2,3,2,2
1598,2,3,3,2,2,2,3,2,2,3
1599,1,3,4,2,1,2,2,1,2,2
1600,2,2,5,3,1,2,2,1,1,1
1601,1,3,2,1,1,2,2,4,3,4
1602,2,1,3,2,1,2,2,4,3,3
1603,1,3,4,2,1,2,2,2,2,2
1604,2,1,4,2,1,1,2,2,2,2
1605,2,2,3,1,1,2,2,2,3,3
1606,1,2,4,2,2,2,2,2,2,2
1607,2,3,3,2,1,1,4,2,2,3
1608,1,2,3,2,1,1,3,3,3,3
1609,2,2,3,2,1,1,4,3,3,3
1610,2,2,3,2,1,2,4,2,3,3
1611,2,3,4,3,2,2,3,2,2,2
1612,1,2,3,2,1,2,4,3,3,3
1613,1,1,5,4,1,1,2,3,2,2
1614,1,2,4,3,1,1,3,2,2,2
1615,2,4,4,4,1,2,3,4,3,3
1616,1,4,6,4,1,1,3,1,1,1
1617,2,3,2,2,1,2,4,3,3,4
1618,2,3,4,2,2,2,3,1,2,2
1619,1,3,4,2,1,1,2,2,2,2
1620,2,2,4,3,1,2,2,4,3,3
1621,2,3,3,2,1,2,2,4,3,4
1622,2,2,5,3,1,2,1,2,2,1
1623,2,2,2,1,1,2,4,2,3,3
1624,2,1,3,3,1,2,4,4,3,4
1625,1,3,5,3,1,2,2,1,1,1
1626,2,3,4,3,1,2,3,3,3,3
1627,1,2,4,3,1,1,1,3,2,2
1628,1,4,4,2,2,1,2,1,2,2
1629,2,3,4,3,1,1,3,3,3,2
1630,2,3,4,2,1,2,2,2,2,2
1631,2,1,3,1,1,1,1,2,2,2
1632,2,3,4,3,1,1,1,3,2,2
1633,2,2,3,3,1,2,4,3,3,3
1634,2,2,3,2,1,2,2,3,3,3
1635,2,2,4,3,1,1,3,3,2,3
1636,2,3,3,1,1,2,2,1,2,2
1637,1,2,4,2,1,2,2,2,2,2
1638,2,2,4,2,1,1,2,2,2,2
1639,1,3,4,3,1,2,3,2,2,2
1640,2,4,3,2,1,2,2,3,3,3
1641,1,2,4,3,1,2,2,2,2,2
1642,1,1,5,4,1,2,3,3,2,2
1643,2,1,3,2,1,2,1,3,3,3
1644,1,4,5,4,1,2,3,2,2,2
1645,1,3,5,4,1,2,4,1,2,2
1646,2,3,4,2,1,2,1,2,2,2
1647,2,2,5,3,1,2,2,2,2,2
1648,2,3,2,1,1,2,3,3,3,3
1649,2,2,4,3,1,2,4,2,2,2
1650,1,2,1,1,1,2,4,4,4,4
1651,2,2,4,2,1,1,2,2,2,2
1652,2,2,3,2,1,1,1,3,2,2
1653,2,3,5,4,2,2,2,3,2,2
1654,1,2,5,3,1,1,2,1,2,1
1655,1,2,6,4,1,2,3,1,1,1
1656,2,2,5,4,1,2,1,4,3,3
1657,1,3,5,3,1,2,2,2,2,1
1658,2,4,4,3,1,2,3,2,2,2
1659,2,3,4,2,1,1,2,1,2,1
1660,2,4,5,3,1,2,1,2,2,1
1661,2,2,2,2,1,2,3,4,3,4
1662,1,4,4,3,1,2,2,2,2,2
1663,2,3,3,2,1,2,3,3,3,3
1664,2,4,3,2,1,2,1,3,3,3
1665,1,3,4,3,1,1,3,3,2,3
1666,2,2,2,1,1,2,3,2,3,3
1667,2,2,2,1,1,2,3,3,3,3
1668,1,4,4,3,1,2,3,3,3,2
1669,2,3,5,4,1,2,2,2,2,2
1670,1,1,3,2,1,1,4,2,2,3
1671,2,3,3,2,1,2,4,2,3,3
1672,2,3,3,2,1,1,2,3,3,3
1673,2,3,5,4,1,1,3,2,2,2
1674,1,3,5,3,1,2,3,1,2,1
1675,2,2,1,1,1,2,3,4,4,4
1676,1,2,5,4,1,2,4,2,2,2
1677,1,3,4,3,1,1,3,3,2,3
1678,1,4,5,4,1,2,3,3,2,2
1679,2,3,3,2,1,2,3,2,3,3
1680,1,3,3,2,1,2,2,3,3,3
1681,1,2,2,2,1,2,3,4,4,4
1682,2,4,3,1,1,2,1,2,2,2
1683,2,3,4,2,2,2,2,2,2,2
1684,2,1,4,2,1,2,2,2,2,2
1685,1,3,3,2,1,2,2,3,3,3
1686,1,2,4,2,1,2,3,1,2,2
1687,2,3,4,2,1,2,2,2,2,2
1688,1,3,5,3,1,2,2,1,1,1
1689,1,1,4,3,1,2,2,4,3,3
1690,2,1,4,2,1,2,1,2,2,2
1691,1,3,4,2,1,1,2,2,2,2
1692,1,2,5,4,1,1,3,2,2,2
1693,2,2,2,1,1,1,4,2,3,3
1694,2,3,5,3,1,2,2,2,2,2
1695,1,4,2,1,1,2,2,3,3,3
1696,2,1,4,3,1,2,3,2,2,2
1697,2,2,4,3,1,1,4,1,2,2
1698,1,3,5,4,1,2,2,3,2,2
1699,1,2,4,3,1,2,2,2,2,2
1700,1,2,4,2,1,2,3,1,2,2
1701,2,2,4,3,1,2,4,2,2,2
1702,2,4,6,4,1,1,1,2,1,1
1703,2,3,3,1,1,2,2,2,2,2
1704,1,3,5,4,1,2,1,3,2,2
1705,1,2,4,2,1,2,2,1,2,2
1706,2,4,4,2,1,1,2,1,2,2
1707,2,2,3,2,1,2,2,2,2,3
1708,2,2,5,3,1,2,1,3,2,2
1709,1,2,5,3,1,1,2,1,2,1
1710,1,2,4,3,1,2,4,1,2,2
1711,1,2,4,4,1,2,4,4,3,3
1712,2,4,4,4,1,2,2,4,3,3
1713,2,3,4,2,1,1,1,2,2,2
1714,1,3,3,2,1,2,4,2,2,3
1715,1,4,4,2,1,2,4,1,2,2
1716,2,2,4,3,1,2,2,3,2,2
1717,1,2,5,4,1,2,4,2,2,2
1718,1,3,4,2,1,2,2,2,2,2
1719,2,2,4,3,1,1,4,1,2,2
1720,1,2,3,3,2,2,4,3,3,3
1721,1,2,5,3,2,1,1,2,2,1
1722,1,4,3,2,1,1,3,3,3,3
1723,2,2,4,3,2,2,2,3,2,2
1724,2,3,4,3,1,2,2,3,2,2
1725,1,2,3,2,1,1,3,2,3,3
1726,1,3,3,3,1,2,4,3,3,3
1727,1,1,3,2,1,2,4,2,3,3
1728,2,1,2,1,1,1,4,2,3,3
1729,2,3,4,2,1,1,2,2,2,2
1730,2,2,6,4,1,1,2,2,2,1
1731,2,2,3,2,1,2,3,3,3,3
1732,2,3,5,4,1,2,3,3,2,2
1733,2,4,2,1,1,1,3,3,3,3
1734,2,3,2,1,1,2,3,2,3,3
1735,2,4,4,2,1,2,3,1,2,2
1736,2,3,4,3,1,1,4,3,3,3
1737,1,2,3,2,1,1,2,3,3,3
1738,2,2,5,3,1,2,3,1,2,1
1739,2,3,5,4,1,1,1,3,2,2
1740,2,3,4,3,1,2,2,3,2,2
1741,2,2,3,2,1,2,3,4,3,3
1742,1,2,2,1,1,2,2,3,3,3
1743,1,3,3,3,2,1,2,4,3,3
1744,1,2,4,3,1,2,1,3,2,2
1745,2,3,3,2,1,2,2,4,3,3
1746,2,3,3,2,1,1,1,3,3,2
1747,2,1,6,4,1,2,1,2,1,1
1748,1,4,4,4,1,2,3,3,3,2
1749,1,2,2,1,1,2,2,3,3,3
1750,2,2,3,2,1,2,1,4,3,3
1751,2,2,2,1,1,1,2,3,3,3
1752,2,2,4,2,2,1,2,2,2,2
1753,2,2,4,3,1,2,2,3,2,2
1754,2,1,4,3,1,2,3,2,2,2
1755,2,2,5,3,2,2,3,1,2,2
1756,2,2,5,4,1,2,2,3,2,2
1757,2,1,3,2,1,2,3,2,3,3
1758,1,2,3,2,1,2,3,3,3,3
1759,1,1,4,2,1,2,2,2,2,2
1760,2,4,4,3,1,2,2,3,2,2
1761,1,3,4,2,1,1,2,2,2,2
1762,1,4,4,2,1,2,1,2,2,2
1763,1,4,6,4,1,1,3,1,1,1
1764,1,1,4,3,1,2,3,3,2,3
1765,1,3,4,2,2,2,2,2,2,2
1766,2,3,3,2,1,1,3,3,3,3
1767,2,4,3,3,1,2,3,4,3,3
1768,2,2,4,3,1,2,1,3,2,2
1769,2,3,3,3,1,2,3,4,3,3
1770,2,3,6,4,1,2,1,1,1,1
1771,2,3,5,3,1,2,3,1,2,1
1772,1,4,3,2,1,1,4,3,3,3
1773,1,4,3,3,1,1,4,3,3,3
1774,2,2,4,3,1,2,4,2,2,2
1775,2,1,3,3,1,2,4,4,3,4
1776,2,3,5,4,1,1,3,2,2,2
1777,2,3,4,3,1,2,3,2,2,2
1778,2,3,5,4,1,1,1,4,2,2
1779,2,3,5,4,2,2,3,3,2,2
1780,2,3,4,2,1,2,2,1,2,2
1781,1,3,4,3,1,2,2,3,2,2
1782,2,2,5,4,1,2,3,2,2,2
1783,2,2,3,2,1,2,1,3,3,3
1784,2,2,2,2,1,2,3,4,3,4
1785,2,2,3,2,1,2,3,2,2,3
1786,2,4,5,3,1,1,2,2,2,2
1787,2,3,4,2,1,1,2,2,2,2
1788,1,3,3,2,1,2,2,2,3,3
1789,1,2,3,2,1,2,2,3,3,3
1790,2,2,5,3,1,2,1,2,2,2
1791,2,3,5,4,1,2,3,3,2,2
1792,1,2,4,2,1,2,2,2,2,2
1793,2,3,4,3,2,1,3,2,2,2
1794,2,2,6,4,1,2,2,2,2,1
1795,2,3,4,2,1,2,1,1,2,1
1796,2,3,3,2,1,2,3,2,2,3
1797,2,1,4,3,1,1,2,4,3,3
1798,1,1,5,3,1,2,1,2,2,2
1799,2,2,2,1,1,2,2,4,3,4
1800,1,4,2,1,1,2,3,3,3,4
1801,1,4,4,2,1,2,3,1,2,2
1802,2,2,4,3,2,1,2,2,2,2
1803,1,1,6,4,1,2,1,2,1,1
1804,1,2,4,2,1,1,1,2,2,2
1805,1,2,3,2,1,2,1,3,3,3
1806,1,3,4,3,1,1,4,2,2,2
1807,2,1,5,4,1,2,1,3,2,2
1808,1,3,3,2,1,2,1,4,3,3
1809,1,3,4,3,2,1,3,3,3,2
1810,2,2,3,2,1,2,3,3,3,3
1811,2,2,3,3,1,1,4,3,3,3
1812,2,3,3,2,1,2,3,2,2,3
1813,2,2,4,3,1,2,2,3,3,2
1814,2,1,4,3,1,2,3,2,2,2
1815,2,4,3,3,1,2,4,3,3,3
1816,1,2,5,3,1,1,2,1,1,1
1817,2,1,3,1,2,2,1,2,2,2
1818,2,3,2,1,1,2,4,2,3,3
1819,1,2,2,2,2,1,4,3,3,3
1820,2,2,4,2,1,2,2,1,2,2
1821,2,3,4,3,1,1,2,4,3,3
1822,2,3,2,2,1,2,4,4,3,4
1823,1,2,4,3,1,2,1,3,2,2
1824,1,3,2,1,1,1,2,3,3,3
1825,2,3,3,3,1,2,3,4,3,3
1826,2,2,3,2,1,2,4,3,3,3
1827,1,2,2,1,1,2,3,2,3,3
1828,2,3,5,4,1,2,2,2,2,2
1829,1,2,3,2,1,1,3,2,3,2
1830,1,1,2,1,1,1,2,3,3,3
1831,1,3,2,2,1,1,3,4,3,4
1832,1,3,5,3,1,1,2,2,2,2
1833,2,2,5,3,1,2,2,2,2,2
1834,2,2,3,2,1,2,3,3,3,3
1835,1,2,4,2,1,1,2,2,2,2
1836,2,4,4,2,2,1,4,1,2,2
1837,1,3,2,2,1,2,3,4,3,4
1838,1,2,3,2,1,1,2,3,3,3
1839,2,3,5,4,1,2,4,1,2,2
1840,1,2,4,2,1,2,2,2,2,2
1841,1,4,4,3,1,2,3,3,3,2
1842,1,2,5,4,1,2,2,3,2,2
1843,1,2,3,1,2,2,3,2,2,3
1844,1,2,3,2,1,2,2,3,3,3
1845,2,2,4,2,1,1,3,1,2,2
1846,1,3,4,2,1,2,3,1,2,2
1847,2,3,3,3,1,1,4,3,3,3
1848,1,1,2,2,1,2,4,3,3,4
1849,1,3,3,2,1,1,2,3,3,3
1850,2,3,3,1,1,2,2,2,3,3
1851,2,2,4,2,2,1,2,2,2,2
1852,2,3,3,2,1,2,2,4,3,3
1853,2,2,5,3,1,2,2,2,2,2
1854,1,3,2,2,1,2,4,4,4,4
1855,2,4,3,3,1,2,3,4,3,3
1856,2,2,4,3,1,2,3,2,2,2
1857,1,2,4,2,1,2,2,1,2,2
1858,1,4,2,1,1,1,4,2,3,3
1859,1,3,2,1,1,1,4,2,3,3
1860,2,2,4,2,1,1,2,2,2,2
1861,2,1,4,3,1,2,2,2,2,2
1862,2,4,3,2,1,2,2,3,3,3
1863,2,4,5,4,1,2,2,3,2,2
1864,2,2,4,2,1,2,2,2,2,2
1865,1,1,4,3,2,1,3,2,2,2
1866,2,4,6,4,1,2,2,1,1,1
1867,1,2,5,4,1,2,2,3,2,2
1868,1,3,4,3,1,2,2,2,2,2
1869,2,3,3,3,1,1,4,3,3,3
1870,2,1,3,1,2,2,1,2,3,2
1871,2,2,1,1,1,2,3,4,4,4
1872,1,2,4,2,1,1,2,1,2,1
1873,1,2,4,3,1,2,3,3,3,3
1874,2,3,4,2,1,2,2,2,2,2
1875,2,4,5,4,1,1,3,2,2,2
1876,2,3,4,3,2,2,2,3,2,3
1877,2,1,3,2,1,2,3,3,3,3
1878,2,1,4,3,1,1,3,3,2,2
1879,1,4,5,3,1,2,1,2,2,1
1880,2,2,2,2,1,2,4,3,3,4
1881,2,2,3,2,1,2,2,4,3,3
1882,2,4,3,3,1,2,3,4,3,4
1883,1,3,5,4,1,2,2,3,2,2
1884,1,4,3,1,1,2,1,2,2,2
1885,2,3,4,3,1,1,1,3,2,2
1886,1,3,4,3,1,1,4,2,2,2
1887,1,3,3,2,1,2,3,3,3,3
1888,1,3,3,2,1,2,1,3,3,3
1889,1,1,4,2,2,2,3,1,2,2
1890,1,2,6,4,1,2,1,2,2,1
1891,1,2,5,4,1,2,1,3,2,2
1892,1,2,3,2,1,1,3,3,3,3
1893,2,4,6,4,1,2,1,2,1,1
1894,2,4,4,3,1,1,1,3,2,2
1895,1,2,3,2,1,2,3,3,3,3
1896,2,3,5,2,1,1,1,1,1,1
1897,1,2,3,2,2,2,2,3,3,3
1898,2,4,2,1,1,2,3,3,3,3
1899,2,4,4,3,1,1,4,2,2,2
1900,2,3,4,3,1,2,2,3,2,3
1901,1,2,3,2,1,2,1,4,3,3
1902,2,2,2,1,1,2,3,2,3,3
1903,2,2,4,2,1,2,1,2,2,2
1904,2,2,6,4,1,1,1,2,1,1
1905,1,2,3,2,1,2,3,3,3,3
1906,2,4,3,3,1,2,2,4,3,3
1907,2,3,6,4,2,1,2,2,1,1
1908,2,1,4,2,1,2,2,1,2,2
1909,2,2,4,3,2,1,4,2,2,2
1910,2,2,5,4,2,2,2,2,2,2
1911,2,3,4,3,1,1,3,2,2,2
1912,1,3,4,3,1,2,2,3,2,3
1913,1,4,3,1,1,1,1,2,2,2
1914,2,2,5,3,1,2,3,1,2,1
1915,2,2,4,3,1,2,1,4,3,3
1916,2,1,4,2,1,2,1,2,2,2
1917,2,3,3,2,2,1,3,3,3,3
1918,1,3,5,4,1,2,1,3,2,2
1919,2,3,4,2,1,2,1,2,2,2
1920,2,1,3,2,1,2,3,2,2,3
1921,2,4,3,2,2,2,3,3,3,3
1922,2,2,6,4,1,2,1,2,1,1
1923,1,3,2,1,1,2,3,2,3,3
1924,1,1,4,3,1,2,4,1,2,2
1925,2,4,4,3,1,2,1,3,2,2
1926,1,3,3,3,1,1,2,4,3,3
1927,2,3,4,3,1,2,2,3,2,2
1928,1,3,4,3,1,1,1,3,2,2
1929,2,4,3,1,1,1,3,2,3,2
1930,2,2,3,2,1,2,2,3,3,3
1931,2,3,5,3,1,2,2,2,2,2
1932,1,1,3,2,1,1,3,2,3,3
1933,1,2,3,2,1,2,4,2,3,3
1934,2,1,4,3,1,2,4,2,2,2
1935,2,3,4,2,1,1,4,1,2,2
1936,2,3,4,2,1,2,2,2,2,2
1937,2,2,4,3,1,1,4,2,2,2
1938,2,2,4,3,1,2,2,3,2,3
1939,1,1,4,3,1,1,3,2,2,2
1940,1,3,3,2,1,1,3,2,3,2
1941,1,3,3,2,2,2,4,2,3,3
1942,1,3,4,2,1,2,2,2,2,2
1943,2,2,6,4,1,2,1,2,1,1
1944,1,3,2,2,1,2,3,4,3,4
1945,2,2,3,3,1,2,4,4,3,4
1946,1,3,3,2,1,2,3,2,2,3
1947,2,3,5,3,1,2,3,1,2,1
1948,2,1,5,3,1,2,1,1,1,1
1949,1,3,6,4,1,2,2,2,2,1
1950,2,2,2,1,1,1,2,4,3,4
1951,2,3,5,3,1,1,2,2,2,1
1952,1,3,4,2,1,1,2,2,2,2
1953,1,2,4,3,2,1,3,2,2,2
1954,2,2,4,2,1,2,1,1,2,1
1955,1,4,4,3,1,2,3,2,2,2
1956,2,3,5,4,1,2,4,2,2,2
1957,1,2,4,4,1,2,4,3,3,3
1958,2,1,4,4,1,2,4,3,3,3
1959,1,3,5,3,1,2,1,2,2,1
1960,2,2,4,3,2,2,3,3,3,3
1961,2,3,4,3,1,2,3,3,3,3
1962,2,3,3,2,1,2,3,2,2,2
1963,2,3,4,3,2,2,3,3,3,3
1964,2,2,2,1,1,2,2,3,3,3
1965,2,1,5,3,1,2,2,2,2,2
1966,2,2,2,1,1,1,3,2,3,3
1967,2,2,3,2,1,1,2,2,2,2
1968,1,3,5,3,1,2,2,2,2,1
1969,2,2,4,3,1,2,2,3,2,2
1970,2,2,3,2,1,2,4,2,3,3
1971,2,2,4,2,1,2,1,1,2,2
1972,2,3,4,3,2,2,2,3,3,3
1973,2,2,3,2,1,2,3,3,3,3
1974,2,2,3,2,1,1,4,3,3,3
1975,2,2,2,1,1,1,2,3,3,3
1976,2,4,5,4,1,1,3,2,2,2
1977,2,1,3,2,1,1,4,3,3,3
1978,2,3,3,2,1,2,3,2,2,3
1979,2,1,3,2,1,1,2,4,3,3
1980,2,4,3,3,1,2,4,3,3,3
1981,2,2,4,3,1,1,3,2,2,2
1982,1,2,5,3,1,2,2,1,2,1
1983,1,1,2,1,1,2,3,2,3,3
1984,1,2,3,1,1,2,2,2,3,3
1985,2,1,3,2,1,1,3,3,3,3
1986,2,3,4,2,1,1,4,1,2,2
1987,2,2,4,2,1,2,2,2,2,2
1988,2,4,3,2,1,1,2,3,3,3
1989,1,3,4,3,1,1,3,2,2,2
1990,1,3,2,1,1,1,4,2,3,3
1991,2,2,4,4,1,1,3,4,3,3
1992,1,3,1,1,1,1,3,4,4,4
1993,2,2,5,3,1,2,1,1,2,1
1994,2,2,4,3,1,2,1,3,2,2
1995,2,3,3,2,1,2,3,4,3,3
1996,2,2,4,2,2,2,1,2,2,2
1997,2,1,4,3,1,2,1,3,2,2
1998,2,2,4,3,1,2,4,2,2,2
1999,1,3,4,3,1,2,1,3,2,2
2000,2,2,4,3,1,1,4,1,2,2
2001,1,2,4,2,1,1,2,1,2,2
2002,1,4,4,3,1,1,3,3,2,2
2003,2,3,4,3,1,2,3,3,3,3
2004,2,3,4,3,1,2,3,2,2,2
2005,1,2,3,2,1,2,3,2,3,3
2006,2,2,5,3,1,2,1,2,2,1
2007,2,3,4,3,1,2,2,3,2,2
2008,1,3,3,3,1,2,3,4,3,3
2009,2,2,4,3,1,2,3,2,2,2
2010,1,2,3,1,1,2,2,2,2,3
2011,1,4,5,3,1,2,2,1,1,1
2012,2,2,3,2,1,2,4,2,3,3
2013,2,4,5,4,1,2,3,1,2,1
2014,1,2,4,4,1,2,4,3,2,3
2015,2,1,4,3,1,1,4,2,2,2
2016,1,3,4,3,1,2,3,3,3,3
2017,1,3,3,2,1,2,2,3,3,3
2018,2,2,2,1,1,2,3,3,3,3
2019,2,3,5,3,2,2,3,1,2,2
2020,1,2,4,3,1,2,2,2,2,2
2021,2,2,3,3,2,2,3,4,3,3
2022,2,2,4,2,1,2,1,2,2,2
2023,2,2,4,3,1,2,3,3,3,3
2024,1,2,3,1,1,2,1,2,2,2
2025,1,3,5,4,1,2,3,3,2,2
2026,2,2,5,4,1,1,3,3,2,2
2027,1,3,4,3,1,1,3,3,2,3
2028,1,2,4,2,1,1,2,2,2,2
2029,2,2,3,2,1,2,2,3,3,3
2030,1,2,5,4,1,2,3,2,2,2
2031,2,3,4,2,1,2,2,2,2,2
2032,2,2,4,3,1,2,3,3,2,3
2033,1,3,5,4,1,2,4,2,2,2
2034,2,3,4,3,1,2,2,4,3,3
2035,1,3,3,3,1,2,4,3,3,3
2036,2,1,3,2,1,1,3,2,3,3
2037,1,3,5,4,1,2,3,3,2,2
2038,1,3,4,3,2,2,4,3,3,3
2039,1,3,4,3,1,2,2,4,3,3
2040,2,4,4,3,1,2,2,3,2,3
2041,2,3,5,3,1,2,3,1,2,1
2042,2,2,4,3,1,2,3,3,2,3
2043,1,2,3,3,1,2,4,3,3,3
2044,2,3,2,1,1,2,2,3,3,3
2045,2,3,5,4,1,1,3,3,2,2
2046,2,3,3,2,1,1,2,3,3,3
2047,1,3,4,3,1,2,2,2,2,2
2048,1,3,3,2,1,1,3,2,3,2
2049,1,3,3,3,1,2,3,4,3,3
2050,2,3,5,4,1,1,2,3,2,2
2051,1,3,5,4,1,2,3,3,2,2
2052,2,3,4,3,1,2,3,2,2,2
2053,2,4,2,1,1,2,3,3,3,3
2054,2,3,4,3,1,1,2,3,2,2
2055,2,2,5,4,1,2,4,2,2,2
2056,2,1,3,2,1,2,2,3,3,3
2057,2,4,4,2,1,2,2,2,2,2
2058,2,2,4,2,1,1,2,2,2,2
2059,1,2,3,3,1,2,2,4,3,3
2060,2,3,5,3,1,2,2,1,1,1
2061,2,2,4,3,1,2,3,2,2,2
2062,2,2,4,3,1,2,3,2,2,2
2063,1,1,4,4,1,1,2,4,3,3
2064,1,4,3,3,1,2,3,4,3,3
2065,1,3,3,2,1,1,2,3,3,3
2066,2,3,6,4,1,2,3,1,1,1
2067,1,4,2,1,1,1,2,3,3,3
2068,1,3,4,2,1,1,2,2,2,2
2069,1,2,4,2,1,1,2,1,2,1
2070,1,3,4,3,1,2,2,2,2,2
2071,1,3,3,2,1,2,2,4,3,3
2072,1,1,4,3,1,1,2,3,2,2
2073,2,3,4,3,1,1,2,2,2,2
2074,1,2,4,2,1,2,2,2,2,2
2075,2,4,3,2,1,2,1,4,3,3
2076,2,3,4,2,1,2,4,1,2,2
2077,1,2,4,3,1,2,3,2,2,2
2078,2,3,4,3,1,2,2,2,2,2
2079,2,1,3,2,1,2,3,3,3,3
2080,1,4,3,2,1,1,3,2,3,2
2081,2,4,3,2,1,1,1,3,3,2
2082,1,4,4,3,2,2,2,4,3,3
2083,1,3,3,2,2,2,3,2,3,3
2084,2,3,6,4,1,2,1,1,1,1
2085,1,2,3,2,1,2,4,2,3,3
2086,2,2,5,3,1,2,2,2,2,2
2087,2,2,5,3,1,2,3,1,2,1
2088,1,1,3,2,1,2,3,2,3,3
2089,2,1,4,2,1,2,2,1,2,2
2090,1,3,2,1,1,2,2,3,3,3
2091,2,1,3,2,1,1,2,3,3,3
2092,2,3,6,4,1,2,3,1,1,1
2093,2,1,5,4,1,2,3,2,2,2
2094,1,3,4,3,2,2,2,2,2,2
2095,2,4,4,3,1,2,3,2,2,2
2096,1,2,4,3,1,2,2,3,3,3
2097,1,3,3,3,1,1,4,3,3,3
2098,2,3,4,3,1,2,3,3,3,3
2099,1,4,3,3,1,2,3,4,3,3
2100,1,1,4,3,1,1,2,3,3,3
2101,2,1,5,3,1,2,3,1,2,2
2102,2,1,4,3,1,2,1,3,2,2
2103,2,3,3,2,2,2,2,3,3,3
2104,2,4,4,4,1,2,2,4,3,3
2105,2,2,4,3,1,2,4,2,3,3
2106,2,1,4,3,1,2,3,2,2,2
2107,2,3,3,1,1,2,3,1,2,2
2108,2,2,4,4,1,2,4,4,3,3
2109,2,3,1,1,1,2,3,4,4,4
2110,2,2,5,3,1,2,3,1,2,2
2111,2,3,2,2,1,2,3,4,3,4
2112,2,3,5,3,1,2,2,1,2,1
2113,1,1,4,2,1,2,1,2,2,2
2114,1,4,4,4,1,2,2,4,3,3
2115,1,1,4,3,2,2,3,3,3,3
2116,2,1,4,3,1,2,2,3,2,3
2117,2,3,3,3,1,2,4,3,3,3
2118,1,1,3,2,1,2,3,2,3,3
2119,1,2,2,1,1,2,3,4,4,4
2120,2,3,4,2,1,1,2,2,2,2
2121,2,2,2,1,1,2,2,3,3,3
2122,2,3,4,3,1,1,2,3,2,2
2123,1,3,3,2,1,2,2,3,3,3
2124,2,3,3,2,1,1,2,3,3,2
2125,1,4,6,4,1,1,3,1,1,1
2126,2,3,6,4,1,1,1,2,1,1
2127,1,2,3,2,1,2,1,3,3,3
2128,2,2,4,3,1,2,2,2,2,2
2129,2,3,3,2,1,2,3,2,2,3
2130,1,2,3,2,1,1,2,3,3,3
2131,1,3,4,2,1,1,2,1,2,2
2132,1,3,3,2,1,2,3,3,3,3
2133,1,3,4,3,1,2,2,3,3,2
2134,2,2,6,4,1,1,2,1,1,1
2135,2,3,4,3,1,2,2,3,2,3
2136,2,3,3,3,1,2,3,4,3,3
2137,2,2,3,2,2,2,3,3,3,3
2138,2,2,2,2,1,2,3,4,4,4
2139,2,2,4,3,1,2,2,2,2,2
2140,2,1,5,3,1,1,2,2,2,2
2141,1,4,2,2,1,2,3,4,3,4
2142,2,2,3,1,1,2,3,1,2,2
2143,1,3,4,3,1,1,3,3,3,3
2144,2,2,3,1,1,1,2,2,2,2
2145,1,3,5,2,1,2,1,1,1,1
2146,1,1,4,4,1,2,3,4,3,3
2147,1,2,4,3,1,1,3,2,2,2
2148,2,2,4,3,1,2,2,3,2,3
2149,2,3,3,2,1,1,1,3,3,2
2150,1,4,4,2,1,2,2,2,2,2
2151,2,3,3,3,1,2,3,4,3,3
2152,2,2,3,2,1,2,4,2,3,3
2153,2,4,3,1,2,2,1,2,2,2
2154,2,2,5,3,1,1,1,2,2,2
2155,1,3,3,2,1,1,3,3,3,3
2156,2,3,3,2,1,2,4,3,3,3
2157,1,2,4,2,2,2,3,2,2,2
2158,1,1,3,2,1,2,3,2,3,3
2159,1,4,5,4,1,2,2,3,2,2
2160,1,2,5,2,1,2,1,1,2,1
2161,2,3,4,2,1,1,3,1,2,2
2162,1,2,2,1,1,2,2,3,3,3
2163,2,2,5,4,1,2,3,2,2,2
2164,1,3,4,2,1,2,2,2,2,2
2165,2,2,3,1,1,2,1,2,2,3
2166,2,3,3,1,1,2,3,2,3,3
2167,1,2,5,3,1,1,1,2,2,1
2168,2,3,2,1,1,1,3,3,3,3
2169,2,2,2,1,1,2,3,3,3,3
2170,2,2,3,3,1,1,3,4,3,3
2171,2,2,4,4,1,2,3,3,3,3
2172,2,3,3,2,2,1,4,3,3,3
2173,2,3,3,1,1,2,3,2,3,2
2174,1,2,2,1,1,2,4,2,3,3
2175,1,3,2,2,2,2,3,4,3,4
2176,1,3,3,2,1,2,2,3,3,3
2177,1,2,2,1,1,2,1,4,3,4
2178,1,4,3,3,1,1,4,3,3,3
2179,2,3,3,2,1,1,1,3,3,2
2180,2,3,4,3,1,2,2,2,2,2
2181,2,3,5,3,1,2,3,1,2,1
2182,1,2,3,2,1,2,3,3,3,3
2183,2,3,2,1,1,2,2,3,3,3
2184,2,3,5,4,1,2,3,2,2,2
2185,2,2,5,3,1,2,2,1,1,1
2186,2,2,4,2,1,2,2,2,2,2
2187,2,2,4,3,1,2,2,3,3,2
2188,1,4,3,2,1,2,3,3,3,3
2189,2,2,4,3,1,2,3,3,3,3
2190,2,3,3,2,1,2,3,3,3,3
2191,2,3,3,2,1,1,1,3,3,2
2192,2,2,3,1,1,2,2,2,2,3
2193,2,1,4,3,1,2,4,2,2,3
2194,2,3,4,2,1,2,2,1,2,2
2195,2,3,3,2,2,2,4,2,2,3
2196,1,2,3,3,2,1,4,3,3,3
2197,2,2,3,2,1,2,2,3,3,3
2198,1,2,4,3,1,1,2,3,2,2
2199,2,4,2,1,1,2,2,4,3,4
2200,1,3,4,3,1,1,1,4,3,3
2201,2,3,4,3,2,2,2,2,2,2
2202,2,2,3,2,1,1,2,3,3,3
2203,1,3,3,2,1,2,3,2,3,3
2204,2,1,1,1,1,2,4,3,3,4
2205,2,3,4,3,2,2,2,3,2,3
2206,2,4,4,3,1,1,2,2,2,2
2207,1,1,4,2,1,2,2,1,2,2
2208,1,3,5,3,1,2,3,1,2,2
2209,1,1,4,3,1,2,3,2,2,2
2210,2,2,4,3,1,1,2,2,2,2
2211,2,3,3,2,1,2,2,3,3,3
2212,2,2,5,4,1,2,2,3,2,2
2213,2,3,4,3,1,1,2,3,2,2
2214,1,3,4,3,1,2,4,1,2,2
2215,1,3,5,3,1,2,2,2,2,2
2216,1,1,3,2,1,2,2,3,3,3
2217,2,4,5,4,1,2,2,2,2,2
2218,1,2,5,3,1,1,2,2,2,2
2219,2,4,3,2,1,2,2,3,3,3
2220,2,1,3,1,1,2,3,2,2,3
2221,1,1,4,2,1,1,2,2,2,2
2222,2,2,3,1,1,2,4,1,2,3
2223,1,1,3,2,1,2,3,2,3,3
2224,2,2,2,1,1,2,2,3,3,3
2225,2,3,3,1,2,2,1,2,2,3
2226,2,2,3,2,1,1,4,2,3,3
2227,2,2,3,1,1,1,1,3,2,2
2228,2,2,5,3,1,2,2,1,2,1
2229,2,3,4,4,1,1,4,3,2,3
2230,2,3,4,3,1,1,3,2,2,2
2231,2,3,4,2,1,2,1,2,2,2
2232,2,1,5,3,1,2,2,1,1,1
2233,2,2,5,4,1,1,3,2,2,2
2234,2,3,2,2,1,2,3,4,3,4
2235,2,4,3,2,1,2,2,3,3,3
2236,2,1,4,2,1,2,1,3,2,2
2237,2,3,4,3,1,1,3,3,2,2
2238,2,3,4,4,1,2,3,4,3,3
2239,2,3,4,3,2,2,3,3,3,3
2240,2,2,6,4,1,2,2,2,2,1
2241,1,1,4,2,1,1,3,1,2,2
2242,2,3,4,3,1,2,1,3,2,2
2243,1,4,3,2,1,2,3,3,3,3
2244,2,4,5,3,2,1,2,2,2,2
2245,2,3,5,4,1,1,2,2,2,2
2246,1,3,2,1,1,2,2,3,3,3
2247,1,2,4,2,1,2,2,1,2,2
2248,2,1,5,4,1,2,3,3,2,2
2249,1,3,4,3,1,2,4,2,2,2
2250,2,3,3,3,1,2,3,4,3,3
2251,2,2,3,2,1,1,2,3,3,3
2252,2,1,5,3,1,2,2,2,2,2
2253,1,4,5,3,1,2,3,1,2,1
2254,2,3,3,2,1,2,2,3,3,3
2255,1,3,4,3,1,2,2,2,2,2
2256,2,2,5,3,1,2,1,2,2,1
2257,2,1,3,1,1,2,1,2,2,2
2258,1,3,2,2,1,2,3,4,3,4
2259,1,4,4,3,1,2,2,3,2,2
2260,1,4,5,3,1,2,2,1,1,1
2261,2,4,5,3,1,1,2,1,1,1
2262,2,2,4,3,1,1,2,3,2,2
2263,2,2,3,2,1,1,3,2,2,2
2264,2,2,5,4,1,1,2,3,2,2
2265,2,2,4,3,1,2,4,2,2,2
2266,1,2,4,3,1,1,3,2,2,2
2267,2,4,4,3,1,1,3,2,2,2
2268,2,1,4,3,1,2,2,3,2,3
2269,2,2,2,1,1,2,3,3,3,3
2270,1,4,2,1,1,2,3,3,3,3
2271,2,2,4,3,2,2,3,2,2,2
2272,2,2,4,3,1,2,2,3,2,2
2273,1,3,3,2,2,1,4,3,3,3
2274,2,3,3,2,1,2,3,3,3,3
2275,1,2,3,2,1,2,2,2,2,3
2276,2,2,5,3,1,2,2,1,2,1
2277,2,1,3,2,1,2,2,3,3,3
2278,2,1,4,3,1,2,2,3,2,3
2279,2,2,4,3,1,1,3,2,2,2
2280,2,3,3,2,1,2,3,3,3,3
2281,1,3,3,2,1,1,3,3,3,3
2282,2,2,3,2,1,2,4,2,3,3
2283,2,2,3,2,1,1,4,2,3,3
2284,2,2,4,3,1,2,3,2,2,2
2285,2,2,4,4,1,2,4,3,3,3
2286,2,3,4,3,1,1,2,2,2,2
2287,2,4,5,4,1,2,3,3,2,2
2288,2,3,6,4,1,1,2,1,1,1
2289,1,4,4,4,1,2,4,4,3,3
2290,2,3,2,2,2,2,3,4,3,4
2291,2,2,3,2,1,1,3,3,3,3
2292,2,2,3,2,1,1,2,3,3,3
2293,2,3,2,2,1,2,3,4,3,4
2294,1,1,3,2,1,2,2,3,3,3
2295,2,1,4,3,1,2,3,3,2,3
2296,1,3,3,1,1,1,2,2,2,2
2297,1,4,2,1,1,2,3,2,3,3
2298,2,3,4,3,1,2,2,3,2,2
2299,2,3,6,4,1,1,2,2,1,1
2300,2,3,4,3,1,2,2,2,2,2
2301,1,4,5,3,1,2,1,2,2,1
2302,1,2,3,2,1,2,4,2,3,3
2303,1,2,3,2,1,2,3,3,3,3
2304,2,3,3,2,1,2,3,3,3,3
2305,2,4,4,2,1,2,1,2,2,2
2306,2,1,5,4,1,2,4,2,2,2
2307,2,3,3,3,1,1,2,4,3,3
2308,1,3,3,3,1,2,2,4,3,3
2309,2,2,5,3,1,1,2,2,2,1
2310,1,3,5,4,1,2,3,3,2,2
2311,2,2,3,2,1,2,3,2,3,3
2312,1,3,4,3,1,2,4,1,2,2
2313,2,1,3,2,1,2,2,3,3,3
2314,1,2,4,4,1,2,4,4,3,3
2315,1,3,3,2,1,2,3,2,3,3
2316,1,3,3,3,1,1,3,4,3,3
2317,2,4,3,3,1,2,3,4,3,4
2318,2,2,3,1,1,2,2,1,2,2
2319,2,2,2,2,1,2,3,4,4,4
2320,2,4,4,3,1,2,3,3,3,3
2321,2,3,6,4,2,1,3,1,1,1
2322,2,4,4,2,1,1,2,1,2,2
2323,1,1,3,3,1,2,3,4,3,3
2324,1,3,4,3,1,2,3,3,3,3
2325,2,3,3,1,2,2,2,2,2,2
2326,2,3,3,2,1,1,3,2,3,2
2327,1,4,2,2,1,2,4,3,3,4
2328,1,2,4,2,1,2,2,2,2,2
2329,1,3,5,4,1,1,2,2,2,1
2330,2,2,2,1,2,2,4,2,3,3
2331,1,2,4,3,1,2,3,2,2,2
2332,2,4,4,4,1,2,4,4,3,3
2333,1,1,2,1,1,2,3,2,3,3
2334,2,3,5,4,1,2,2,3,2,2
2335,2,3,3,2,1,1,3,2,2,2
2336,1,3,3,3,1,2,4,3,3,3
2337,2,1,2,2,2,2,3,4,3,4
2338,2,3,4,3,1,1,3,2,2,2
2339,2,2,4,3,2,2,3,3,3,3
2340,1,1,5,4,1,2,3,2,2,2
2341,2,4,6,4,1,1,3,1,1,1
2342,1,3,4,3,1,1,2,4,3,3
2343,2,2,3,3,2,1,4,4,3,4
2344,1,2,3,2,1,1,2,3,3,3
2345,2,1,4,3,1,1,2,3,2,2
2346,2,3,3,2,1,1,3,3,3,3
2347,1,3,4,3,1,1,1,3,2,2
2348,2,4,4,3,1,2,2,2,2,2
2349,2,3,2,2,1,2,4,3,3,4
2350,2,3,3,2,1,1,2,3,3,3
2351,2,3,5,3,1,2,1,2,2,1
2352,1,2,2,1,1,2,2,3,3,3
2353,2,3,4,3,1,2,3,2,2,2
2354,2,2,3,2,1,1,3,3,3,3
2355,2,3,3,1,1,2,2,1,2,2
2356,1,3,2,1,1,1,3,3,3,3
2357,1,3,3,3,1,2,3,4,3,4
2358,2,2,5,3,1,2,3,1,2,1
2359,1,3,6,4,1,2,3,1,1,1
2360,2,2,3,1,1,1,1,2,2,2
2361,1,2,4,3,1,1,2,3,3,2
2362,2,3,3,2,1,2,3,2,2,3
2363,1,3,4,3,1,1,3,2,2,2
2364,1,4,3,2,2,2,3,2,3,3
2365,2,2,3,2,1,2,2,3,3,3
2366,2,2,4,3,1,2,3,2,2,2
2367,2,2,2,2,1,2,3,4,4,4
2368,1,2,3,1,1,2,3,2,2,3
2369,1,3,4,3,2,2,3,2,2,2
2370,1,2,3,2,1,2,3,2,3,3
2371,2,3,4,2,1,2,2,2,2,2
2372,1,2,4,3,1,2,1,4,3,3
2373,2,2,3,2,1,2,2,4,3,3
2374,2,1,2,1,1,2,3,3,3,4
2375,1,3,5,4,1,2,3,2,2,2
2376,1,1,4,2,1,2,1,2,2,2
2377,2,4,5,4,1,2,2,3,2,2
2378,1,2,5,4,1,2,2,3,2,2
2379,2,1,4,2,1,2,2,2,2,2
2380,2,2,2,1,2,1,2,4,3,4
2381,2,2,3,3,1,2,4,4,3,4
2382,2,2,3,2,1,1,1,3,3,3
2383,1,3,4,3,1,2,3,3,3,2
2384,1,2,3,1,1,2,2,2,2,3
2385,1,3,4,3,1,1,2,2,2,2
2386,2,2,4,3,1,1,2,3,2,2
2387,1,1,5,4,1,2,4,3,2,3
2388,1,3,6,4,1,1,3,1,1,1
2389,2,1,3,2,1,1,3,3,3,3
2390,1,2,3,2,1,2,2,3,3,3
2391,2,4,3,1,2,2,1,2,2,3
2392,2,2,3,2,2,2,2,3,3,3
2393,1,2,3,2,1,1,4,3,3,3
2394,2,3,4,3,1,2,3,3,3,3
2395,1,2,5,3,2,2,1,2,2,2
2396,2,3,3,3,1,2,4,3,3,3
2397,1,4,2,2,1,2,4,4,3,4
2398,2,3,6,4,1,2,1,2,1,1
2399,1,2,4,3,1,2,3,2,2,2
2400,1,3,3,2,1,2,2,3,3,3
2401,1,3,4,2,1,1,3,1,2,2
2402,2,4,4,2,1,1,3,1,2,1
2403,2,3,4,2,1,2,2,2,2,2
2404,1,3,4,3,1,1,4,2,2,2
2405,2,2,5,3,1,1,2,2,2,2
2406,2,2,3,3,1,2,3,4,3,3
2407,1,3,6,4,1,2,1,2,1,1
2408,2,2,3,3,1,2,3,4,3,3
2409,2,3,4,3,1,1,3,3,2,2
2410,2,3,4,3,1,1,3,3,2,3
2411,2,1,3,2,1,2,4,2,3,3
2412,2,2,5,4,1,2,2,3,2,2
2413,2,1,3,2,1,1,3,2,2,3
2414,1,4,3,3,1,2,3,4,3,3
2415,2,1,3,2,1,1,1,3,3,3
2416,1,2,3,2,1,2,2,3,3,3
2417,2,3,2,2,1,2,4,4,4,4
2418,2,2,4,2,1,2,2,1,2,2
2419,2,3,3,2,1,2,2,4,3,3
2420,2,2,3,1,1,2,1,2,2,3
2421,1,2,5,4,1,1,3,2,2,2
2422,2,1,5,4,1,1,2,2,2,2
2423,1,2,3,2,2,1,2,3,3,3
2424,2,3,4,3,1,2,3,2,2,2
2425,1,2,3,2,1,1,2,3,3,3
2426,2,1,4,3,2,2,2,3,3,3
2427,2,2,4,3,1,2,2,3,3,2
2428,2,4,5,4,1,2,3,3,2,2
2429,2,3,5,4,1,2,3,3,2,2
2430,2,3,2,2,1,2,4,3,3,4
2431,2,4,5,3,1,1,1,3,2,2
2432,1,1,4,3,1,2,2,2,2,2
2433,2,2,4,2,1,1,1,2,2,2
2434,1,4,4,3,1,1,3,2,2,2
2435,2,3,4,2,1,1,2,2,2,2
2436,2,2,2,1,1,1,1,4,3,3
2437,2,2,4,3,1,2,2,2,2,2
2438,2,3,5,4,1,1,2,2,2,1
2439,2,2,3,3,1,1,4,3,3,3
2440,1,2,4,2,1,1,2,1,2,2
2441,2,3,4,3,1,2,3,3,3,2
2442,2,3,3,3,1,2,4,3,3,3
2443,1,2,2,1,1,1,2,3,3,3
2444,2,3,4,2,1,2,2,2,2,2
2445,2,1,4,3,1,2,3,2,2,2
2446,1,2,5,4,1,2,2,3,2,2
2447,2,2,5,3,1,1,2,2,2,1
2448,2,1,4,3,1,2,2,3,2,3
2449,2,2,3,3,1,2,4,3,3,3
2450,2,4,3,2,1,2,3,2,2,2
2451,1,2,4,4,1,2,4,3,3,3
2452,2,4,5,4,1,1,4,1,2,1
2453,2,2,3,1,1,2,2,2,2,2
2454,2,4,5,3,1,1,1,1,1,1
2455,2,2,3,2,1,2,3,3,3,3
2456,2,3,2,1,1,2,3,3,3,3
2457,1,2,2,1,1,2,1,3,3,3
2458,1,1,4,2,1,2,3,1,2,2
2459,2,4,3,3,1,2,2,4,3,3
2460,2,2,5,3,1,2,2,1,2,1
2461,2,4,4,3,1,2,2,3,2,3
2462,2,2,4,3,1,1,3,3,3,2
2463,2,1,2,1,1,1,3,3,3,4
2464,1,3,5,4,2,2,3,3,2,2
2465,1,3,2,1,1,2,1,3,3,3
2466,2,3,4,2,1,2,3,1,2,2
2467,1,2,4,3,1,2,3,3,3,3
2468,2,2,5,3,1,2,1,2,2,2
2469,2,3,3,2,1,2,1,3,3,3
2470,2,3,4,3,1,1,2,3,2,2
2471,1,3,4,3,1,2,2,3,2,2
2472,2,1,4,3,1,2,3,2,2,2
2473,2,3,4,2,1,2,1,2,2,2
2474,2,3,5,3,1,1,2,1,2,1
2475,2,3,2,1,1,2,2,3,3,3
2476,2,2,3,2,1,2,4,2,3,3
2477,2,2,3,2,1,2,3,3,3,3
2478,2,3,4,3,1,2,3,3,3,3
2479,1,1,2,1,1,2,2,4,3,4
2480,2,3,5,3,1,2,2,1,1,2
2481,2,2,5,4,1,2,2,2,2,2
2482,2,3,4,3,2,2,3,3,2,3
2483,2,2,3,2,1,2,2,4,3,3
2484,1,1,3,2,1,1,1,3,3,3
2485,2,2,6,4,1,2,1,2,1,1
2486,1,3,3,3,1,2,4,3,3,3
2487,2,2,5,3,1,2,3,1,2,2
2488,1,2,2,2,1,2,4,3,3,4
2489,2,3,3,2,1,2,4,1,2,2
2490,2,3,3,3,1,1,3,4,3,3
2491,1,2,4,2,1,2,2,2,2,2
2492,1,3,5,3,1,2,1,1,2,1
2493,2,1,3,2,1,2,4,3,3,3
2494,1,2,3,2,1,2,4,1,2,3
2495,2,3,4,3,1,1,3,3,3,2
2496,2,2,4,3,1,2,3,2,2,2
2497,2,4,4,3,1,2,2,3,2,2
2498,1,4,3,2,1,2,2,4,3,3
2499,1,3,2,2,1,1,3,4,3,4
2500,1,2,5,4,1,2,2,2,2,2
2501,2,3,3,2,1,1,2,3,2,3
2502,2,3,5,3,1,2,2,1,1,1
2503,2,3,2,1,1,2,4,2,3,3
2504,1,2,3,2,1,2,2,4,3,3
2505,2,2,2,1,1,2,2,4,3,4
2506,1,2,6,4,1,2,3,1,1,1
2507,2,1,3,2,1,2,3,2,3,3
2508,1,2,3,2,1,2,3,2,2,3
2509,2,2,2,1,1,1,3,3,3,3
2510,2,2,4,2,1,2,2,2,2,2
2511,1,3,3,2,2,2,3,3,3,3
2512,1,3,5,4,1,2,2,2,2,2
2513,2,2,4,2,1,2,1,2,2,2
2514,1,3,3,2,1,1,2,3,3,3
2515,2,2,2,1,1,1,3,2,3,3
2516,2,3,3,3,1,2,4,4,3,4
2517,1,2,4,2,1,2,1,2,2,2
2518,2,2,4,3,1,2,3,3,2,3
2519,2,3,4,2,1,2,1,2,2,2
2520,1,2,5,4,1,1,4,2,2,2
2521,1,4,3,3,1,2,4,3,3,3
2522,1,3,3,3,1,2,4,4,3,3
2523,2,1,3,2,1,1,2,3,3,3
2524,2,3,5,3,1,2,2,2,2,2
2525,2,3,3,1,1,2,1,3,3,3
2526,1,3,4,3,2,1,2,3,2,2
2527,1,3,4,3,2,1,4,2,2,2
2528,1,2,4,3,1,1,2,4,3,3
2529,2,2,4,2,1,1,3,2,2,2
2530,2,3,3,2,1,2,2,3,3,3
2531,2,3,6,4,1,1,2,1,1,1
2532,2,3,4,3,1,2,3,3,3,3
2533,1,1,5,3,1,1,3,1,2,1
2534,2,3,3,1,1,1,3,2,3,2
2535,1,4,4,3,1,1,2,4,3,3
2536,1,3,4,3,1,2,4,2,2,2
2537,1,3,5,4,1,2,2,3,2,2
2538,2,3,2,2,1,2,3,4,4,4
2539,2,3,5,3,2,2,2,1,1,1
2540,2,2,2,1,1,1,4,3,3,4
2541,1,3,4,3,1,2,3,2,2,2
2542,1,1,5,3,1,2,2,2,2,2
2543,2,2,4,2,1,1,1,2,2,2
2544,2,2,3,2,1,2,3,2,3,3
2545,2,2,3,2,1,1,2,3,3,3
2546,1,3,3,3,1,2,4,3,3,3
2547,2,3,3,2,1,2,3,3,3,3
2548,1,2,3,2,2,2,3,2,3,3
2549,2,1,4,2,2,2,1,2,2,2
2550,1,3,5,4,1,2,2,2,2,2
2551,2,2,4,3,1,1,2,3,2,2
2552,2,1,4,3,1,1,3,3,2,2
2553,2,2,4,3,1,2,3,2,2,2
2554,2,3,4,2,1,2,2,2,2,2
2555,1,2,4,2,1,2,2,1,2,2
2556,1,2,2,1,1,1,2,3,3,3
2557,2,2,5,4,1,2,2,3,2,2
2558,1,1,3,2,1,2,3,3,3,3
2559,1,2,5,3,1,2,2,2,2,2
2560,1,1,5,4,1,2,3,2,2,2
2561,1,3,4,3,1,1,3,2,2,2
2562,2,2,4,3,1,2,2,3,2,3
2563,1,3,4,3,1,2,3,3,2,3
2564,2,4,5,4,1,1,3,3,2,2
2565,1,4,3,2,2,2,2,3,3,3
2566,2,4,3,1,2,2,2,2,2,3
2567,2,3,3,2,1,2,3,3,3,3
2568,2,3,5,3,1,2,2,2,2,2
2569,2,2,4,3,1,1,2,3,2,2
2570,1,2,5,4,2,2,3,2,2,2
2571,2,3,4,3,2,1,3,2,2,2
2572,1,1,4,3,1,1,3,3,3,3
2573,1,4,5,3,1,1,3,1,1,1
2574,1,2,5,4,1,2,4,2,2,2
2575,2,2,5,3,1,2,2,2,2,2
2576,2,3,4,3,1,2,3,2,2,2
2577,2,2,2,1,1,2,3,2,3,3
2578,2,2,2,1,2,2,2,3,3,3
2579,2,2,2,1,1,1,4,2,3,3
2580,2,2,3,2,1,1,4,1,2,2
2581,2,3,5,3,1,2,2,2,2,2
2582,1,2,6,4,1,2,1,2,1,1
2583,2,3,4,3,1,2,3,3,2,3
2584,2,3,2,1,1,1,2,4,3,3
2585,1,1,5,3,1,2,2,2,2,2
2586,1,4,5,3,1,1,2,2,2,1
2587,2,1,3,2,1,2,2,3,3,3
2588,2,3,2,2,1,2,4,3,3,4
2589,2,3,4,3,1,2,4,1,2,2
2590,2,2,5,4,1,2,2,3,2,2
2591,1,1,4,3,1,2,2,3,2,3
2592,1,3,2,1,1,1,3,3,3,3
2593,2,4,4,3,1,1,1,3,2,2
2594,2,3,2,1,1,2,3,3,3,3
2595,1,2,3,2,1,2,3,2,3,3
2596,2,1,4,2,1,2,2,2,2,2
2597,2,3,4,2,1,2,2,1,2,2
2598,1,3,3,2,1,2,3,3,3,3
2599,2,2,3,2,1,2,2,3,3,3
2600,2,3,4,3,1,1,4,2,2,2
2601,2,4,3,2,2,2,2,2,2,3
2602,2,2,5,4,1,2,4,2,2,2
2603,2,2,4,3,1,2,1,3,2,2
2604,2,2,5,3,1,1,2,1,1,1
2605,2,3,4,4,1,1,4,3,3,3
2606,2,2,3,2,1,2,2,3,3,3
2607,2,2,5,4,1,2,1,4,2,2
2608,2,4,3,2,1,2,2,4,3,3
2609,1,2,4,3,1,2,3,2,2,2
2610,1,2,3,2,2,2,3,3,3,3
2611,2,2,2,1,1,2,4,2,3,3
2612,2,2,4,3,1,2,3,2,2,2
2613,2,4,2,1,1,1,3,3,3,3
2614,1,2,4,2,1,2,2,2,2,2
2615,1,1,3,2,1,2,4,3,3,3
2616,1,3,2,2,1,2,3,4,3,4
2617,2,3,3,2,1,2,2,4,3,3
2618,2,3,5,4,2,1,3,3,2,2
2619,2,3,5,4,1,2,3,3,2,2
2620,2,2,4,3,1,2,1,3,2,3
2621,2,4,2,2,1,2,2,4,3,3
2622,2,3,5,3,1,1,1,2,2,2
2623,2,3,3,2,1,1,3,2,2,2
2624,2,3,4,2,1,2,1,2,2,2
2625,1,3,4,3,1,2,2,2,2,2
2626,1,2,4,3,1,1,4,2,2,2
2627,2,2,3,2,1,2,2,3,3,3
2628,1,3,3,3,1,2,4,3,3,3
2629,2,2,4,2,1,1,1,3,2,2
2630,1,3,4,3,1,2,3,3,3,2
2631,1,3,4,2,1,2,2,2,2,2
2632,1,1,3,2,1,2,2,3,3,3
2633,1,3,3,2,2,2,3,3,3,3
2634,1,4,4,3,1,2,3,2,2,2
2635,1,3,3,2,1,2,3,3,3,3
2636,1,3,4,2,1,2,3,1,2,2
2637,2,2,2,1,1,2,2,3,3,3
2638,1,3,5,3,1,2,2,2,2,2
2639,2,2,3,2,1,2,3,2,3,3
2640,1,4,5,4,1,2,3,2,2,2
2641,1,3,3,2,1,2,3,3,3,3
2642,2,4,3,2,1,2,3,2,2,3
2643,2,3,4,2,1,1,2,2,2,2
2644,1,2,5,4,1,1,4,2,2,2
2645,1,2,4,3,1,2,3,3,3,3
2646,2,3,4,3,1,2,3,3,3,3
2647,2,1,5,4,1,2,3,2,2,2
2648,2,2,5,3,1,2,2,2,2,2
2649,2,2,3,2,1,2,3,2,3,3
2650,2,2,5,3,1,1,2,2,2,2
2651,2,2,3,2,1,2,2,3,3,3
2652,1,2,4,2,2,2,1,1,2,2
2653,2,1,6,4,1,2,2,2,1,2
2654,1,4,4,3,1,2,3,2,2,2
2655,1,3,4,2,1,2,3,1,2,2
2656,1,2,4,3,1,1,3,2,2,2
2657,2,2,4,3,1,2,3,3,3,3
2658,2,2,4,2,2,1,2,2,2,2
2659,2,3,5,4,2,2,2,3,2,2
2660,1,2,3,2,1,1,3,2,2,2
2661,2,4,5,3,2,1,1,3,2,2
2662,1,1,3,2,1,2,4,2,3,3
2663,2,3,5,4,2,1,3,2,2,2
2664,1,4,3,2,1,2,1,3,3,3
2665,2,2,3,2,1,1,2,3,3,3
2666,1,4,4,2,1,2,3,1,2,2
2667,1,2,3,2,1,2,2,3,3,3
2668,1,2,3,2,1,2,4,3,3,3
2669,2,3,4,3,1,1,2,3,2,2
2670,1,3,2,1,2,2,3,2,3,3
2671,2,2,3,2,1,2,1,3,3,3
2672,2,3,4,3,1,1,2,2,2,2
2673,2,2,3,1,1,2,1,2,2,2
2674,2,3,3,2,1,2,4,3,3,3
2675,2,4,2,1,1,2,2,3,3,3
2676,1,4,3,1,1,2,4,1,2,2
2677,2,3,6,4,1,1,2,1,1,1
2678,2,2,4,2,1,2,2,2,2,2
2679,2,3,5,4,1,2,2,3,2,2
2680,1,2,3,2,1,2,2,4,3,3
2681,2,2,2,1,1,2,2,3,3,3
2682,2,4,2,1,1,2,2,4,3,4
2683,2,3,4,3,1,2,3,3,2,3
2684,2,2,4,2,1,2,1,1,2,2
2685,1,2,4,4,2,2,4,3,2,3
2686,2,2,6,4,1,2,1,2,1,1
2687,1,2,4,2,1,1,2,2,2,2
2688,2,2,3,2,1,2,3,3,3,3
2689,1,1,3,3,1,1,3,4,3,3
2690,2,4,4,2,1,2,1,2,2,2
2691,2,1,3,2,1,1,2,3,3,3
2692,2,2,4,3,1,2,3,2,2,2
2693,2,4,5,3,1,1,3,1,1,1
2694,1,1,4,3,1,1,2,3,2,2
2695,1,1,4,2,1,1,2,2,2,2
2696,2,1,5,4,1,1,4,2,2,2
2697,2,3,5,4,1,1,3,2,2,2
2698,2,3,4,2,1,2,2,2,2,2
2699,2,1,3,2,1,2,3,2,3,3
2700,1,2,4,3,2,2,3,3,3,3
2701,2,2,4,2,1,1,2,2,2,2
2702,2,4,2,1,1,2,3,2,3,3
2703,2,3,3,3,1,2,4,4,3,4
2704,1,3,3,2,1,1,3,2,3,3
2705,2,3,4,3,1,2,3,2,2,2
2706,1,3,2,1,1,2,2,3,3,3
2707,2,1,4,2,1,2,1,1,2,2
2708,2,2,5,3,1,1,2,2,2,2
2709,2,2,2,1,1,2,2,4,3,4
2710,1,1,3,3,2,1,4,3,3,3
2711,2,3,4,2,2,1,2,2,2,2
2712,1,1,4,2,1,2,4,1,2,2
2713,2,3,2,2,1,2,4,3,3,3
2714,1,2,6,4,1,2,1,2,2,1
2715,1,1,2,2,1,2,4,3,3,4
2716,1,1,4,2,1,1,2,2,2,2
2717,2,3,3,2,1,2,2,3,3,3
2718,2,1,4,3,1,2,3,2,2,2
2719,2,2,3,2,1,1,2,3,3,3
2720,2,3,3,1,1,2,3,1,2,2
2721,1,1,6,4,1,2,2,2,2,1
2722,2,2,3,3,1,2,3,4,3,3
2723,2,3,5,4,1,1,2,4,2,2
2724,2,2,3,2,1,2,2,3,3,3
2725,2,1,3,2,2,1,2,3,3,3
2726,2,1,3,2,1,2,3,2,3,3
2727,2,3,3,2,1,2,2,4,3,3
2728,2,3,3,2,1,2,3,3,3,3
2729,1,4,3,2,1,2,3,2,2,3
2730,2,4,5,3,1,2,1,2,2,1
2731,2,2,6,4,2,2,1,2,2,1
2732,1,3,2,1,1,2,3,3,3,3
2733,2,3,5,4,1,2,3,2,2,2
2734,2,2,3,1,1,2,2,2,2,2
2735,1,2,4,3,1,1,2,3,2,2
2736,2,2,3,2,1,2,2,4,3,3
2737,1,2,2,1,1,1,2,4,3,4
2738,2,4,3,2,1,2,1,4,3,3
2739,2,2,3,2,1,2,3,3,3,3
2740,1,3,3,2,1,2,4,3,3,3
2741,1,3,5,4,1,1,3,2,2,2
2742,1,3,3,2,2,2,3,2,2,3
2743,2,2,3,2,1,2,3,3,3,3
2744,1,2,2,1,1,1,2,3,3,3
2745,2,3,3,2,1,2,3,2,3,3
2746,2,4,2,1,1,2,3,3,3,3
2747,2,2,6,4,1,2,2,1,1,1
2748,2,2,4,2,1,2,2,1,2,2
2749,1,3,2,2,2,2,3,4,3,4
2750,2,4,3,2,1,2,3,3,3,3
2751,1,2,4,3,1,2,4,2,2,2
2752,2,3,4,2,1,2,2,1,2,2
2753,2,2,3,1,1,1,3,2,3,2
2754,1,4,4,3,1,2,4,1,2,2
2755,1,3,5,4,1,1,4,1,2,1
2756,2,4,4,2,1,2,2,2,2,2
2757,2,3,5,3,1,2,2,2,2,2
2758,2,4,2,1,1,2,2,3,3,3
2759,1,2,4,2,2,2,2,2,2,2
2760,2,3,2,1,1,2,3,2,3,3
2761,1,1,2,1,1,1,3,3,3,3
2762,2,3,4,3,1,2,3,2,2,2
2763,2,3,3,2,1,2,3,3,3,3
2764,2,3,5,3,1,1,2,2,2,1
2765,2,3,3,1,1,1,2,2,2,2
2766,1,3,5,4,1,1,3,1,2,1
2767,1,4,3,3,1,2,4,4,3,4
2768,2,3,4,2,1,2,2,1,2,2
2769,2,4,4,4,1,2,4,3,3,3
2770,1,3,5,3,1,2,1,2,2,2
2771,2,1,4,3,2,2,3,2,2,2
2772,2,2,3,2,1,2,3,3,3,3
2773,1,2,4,3,1,1,3,2,2,2
2774,1,3,4,3,1,1,3,3,2,2
2775,2,2,3,2,1,2,3,3,3,3
2776,2,2,6,4,1,1,1,1,1,1
2777,1,3,4,3,1,2,2,3,2,2
2778,2,3,2,1,1,1,3,3,3,3
2779,2,2,3,2,1,1,2,3,3,3
2780,2,3,4,2,1,2,2,1,2,2
2781,2,2,4,3,1,1,3,3,2,3
2782,2,4,3,2,1,2,3,2,3,3
2783,1,4,5,3,1,2,2,1,1,1
2784,2,2,5,3,1,1,2,2,2,1
2785,2,3,1,1,1,2,4,3,3,4
2786,2,4,3,2,1,2,3,2,3,3
2787,2,2,2,1,1,2,4,1,3,3
2788,2,3,4,2,1,2,2,1,2,2
2789,2,4,4,3,1,1,4,3,3,2
2790,1,2,5,3,1,1,3,1,1,1
2791,2,3,2,2,2,2,4,4,3,4
2792,2,3,6,4,1,1,2,2,1,1
2793,1,2,4,3,1,2,3,2,2,2
2794,2,2,3,2,1,1,2,3,3,3
2795,1,2,5,3,1,2,2,2,2,2
2796,2,4,4,3,2,2,1,3,2,3
2797,1,4,4,2,2,1,2,2,2,2
2798,2,2,4,3,1,2,3,2,2,2
2799,2,3,5,3,1,2,3,1,2,1
2800,2,2,4,2,1,2,1,1,2,2
2801,1,4,5,3,1,1,3,1,1,1
2802,2,2,4,3,1,1,3,3,3,2
2803,1,4,4,2,1,2,1,2,2,2
2804,2,3,4,3,1,2,3,2,2,2
2805,2,2,5,4,1,2,3,2,2,2
2806,2,2,6,4,1,1,3,1,1,1
2807,2,3,4,3,1,1,3,3,3,2
2808,1,3,3,2,1,2,4,2,2,3
2809,2,3,5,3,1,2,1,2,2,1
2810,2,3,2,2,2,2,2,4,3,4
2811,2,3,3,2,1,2,2,3,3,3
2812,2,4,2,1,1,1,4,3,3,4
2813,2,2,5,4,1,2,3,3,2,2
2814,2,2,5,4,1,2,2,2,2,2
2815,2,3,3,2,1,2,3,3,3,3
2816,2,3,5,3,2,2,2,1,2,1
2817,2,1,5,4,1,1,3,3,2,2
2818,2,4,5,3,1,2,3,1,2,1
2819,2,3,4,3,1,2,2,2,2,2
2820,2,4,5,4,1,2,2,3,2,2
2821,2,2,3,3,1,2,4,3,3,3
2822,2,4,5,3,1,1,3,1,1,1
2823,1,1,3,1,1,2,3,1,2,2
2824,1,2,4,3,1,2,2,3,2,2
2825,2,3,2,1,1,2,3,2,3,3
2826,1,2,4,3,1,2,4,2,2,3
2827,2,3,5,4,2,2,2,2,2,2
2828,2,2,4,3,1,2,1,4,3,3
2829,2,2,4,2,1,1,2,2,2,2
2830,1,4,5,3,2,2,2,2,2,2
2831,2,3,4,2,1,2,1,2,2,2
2832,2,4,4,3,1,1,4,3,2,3
2833,2,3,4,3,1,2,1,3,2,2
2834,2,4,2,1,1,2,4,2,3,3
2835,2,4,3,2,2,2,2,3,3,3
2836,2,2,4,3,1,2,2,2,2,2
2837,2,2,3,2,1,1,2,3,3,3
2838,2,1,2,1,1,2,3,3,3,4
2839,2,2,3,2,1,2,2,3,3,3
2840,1,4,4,2,1,1,1,2,2,2
2841,1,2,5,4,1,2,3,2,2,2
2842,2,2,5,4,1,2,3,3,2,2
2843,2,2,3,2,1,2,3,3,3,3
2844,2,1,3,2,1,2,3,3,3,3
2845,2,1,2,1,1,2,2,3,3,3
2846,2,2,4,2,2,2,2,2,2,2
2847,2,1,2,1,1,2,4,2,3,3
2848,1,4,3,2,1,1,3,2,2,2
2849,1,3,2,1,1,2,3,3,3,3
2850,1,4,3,2,1,2,2,3,3,3
2851,1,3,3,2,1,1,4,2,3,2
2852,2,3,3,2,1,2,3,2,3,3
2853,2,3,3,2,1,2,3,3,3,3
2854,1,3,4,2,1,1,1,2,2,2
2855,2,3,4,3,1,1,3,3,3,2
2856,2,1,4,3,2,2,4,1,2,2
2857,1,3,3,2,1,2,2,4,3,3
2858,2,3,5,3,2,2,1,1,1,1
2859,2,3,3,2,1,2,3,2,3,3
2860,1,1,5,4,1,2,3,3,2,2
2861,2,3,3,2,2,1,2,4,3,3
2862,2,3,6,4,1,2,1,2,1,1
2863,2,3,3,2,1,2,3,2,2,3
2864,1,2,3,2,1,2,3,4,3,3
2865,2,3,3,2,1,2,3,3,3,3
2866,2,2,4,3,1,2,4,2,2,2
2867,2,3,2,1,1,2,4,3,3,4
2868,2,1,4,2,1,1,3,1,2,2
2869,1,2,5,3,1,2,1,1,1,1
2870,1,1,3,2,2,1,3,3,3,3
2871,1,3,3,2,1,2,4,2,3,3
2872,1,3,3,3,1,1,2,4,3,3
2873,2,4,3,2,1,2,4,2,3,3
2874,2,2,3,2,2,2,4,2,2,3
2875,2,2,5,4,1,2,2,3,2,2
2876,2,1,3,2,1,2,2,3,3,3
2877,1,2,2,1,1,2,4,2,3,3
2878,1,2,3,2,2,2,1,3,3,3
2879,2,2,3,2,1,2,2,3,3,3
2880,2,3,3,2,1,2,3,3,3,3
2881,2,3,4,3,1,2,3,3,2,3
2882,2,2,2,1,1,1,4,3,3,3
2883,2,4,4,3,2,1,4,1,2,2
2884,1,2,4,2,1,2,3,1,2,2
2885,2,3,4,3,1,2,1,3,2,2
2886,1,1,3,3,1,2,4,4,3,4
2887,1,4,3,2,1,1,3,3,3,3
2888,2,4,4,3,1,2,3,2,2,2
2889,1,3,4,4,1,2,2,4,3,3
2890,2,2,5,3,1,2,2,2,2,2
2891,1,2,4,4,2,2,4,3,3,3
2892,2,2,2,2,1,2,4,4,3,4
2893,2,1,4,3,1,2,2,2,2,2
2894,1,3,2,2,1,2,4,4,3,4
2895,2,4,5,4,1,2,2,3,2,2
2896,2,3,1,1,1,2,3,4,4,4
2897,1,2,4,3,1,2,2,2,2,2
2898,1,3,3,2,2,2,3,2,3,3
2899,2,1,5,3,1,2,1,1,1,1
2900,2,3,3,2,1,2,2,3,3,3
2901,2,2,2,1,1,2,3,3,3,3
2902,2,4,3,1,1,2,2,2,3,3
2903,1,1,4,2,1,2,3,2,2,2
2904,1,2,5,3,1,2,3,1,1,1
2905,1,3,4,2,1,1,1,2,2,2
2906,2,3,3,2,1,2,2,3,3,3
2907,2,3,4,2,1,2,3,1,2,2
2908,2,3,4,3,1,1,4,1,2,2
2909,1,2,1,1,1,2,4,3,4,4
2910,2,3,3,2,1,2,3,2,2,3
2911,2,3,6,4,1,2,2,2,1,1
2912,2,4,5,3,1,2,3,1,2,1
2913,2,3,4,3,1,2,3,3,3,3
2914,2,3,4,3,1,2,2,3,2,2
2915,1,3,4,3,1,2,2,3,2,2
2916,2,1,3,1,1,1,3,2,2,3
2917,1,4,6,4,2,2,1,2,2,1
2918,1,1,3,2,1,2,4,2,3,3
2919,2,3,3,2,1,1,3,3,3,3
2920,2,2,3,1,1,2,1,2,2,2
2921,1,2,5,4,1,1,2,3,2,2
2922,2,3,3,3,2,1,3,4,3,3
2923,2,3,2,1,2,2,4,2,3,3
2924,1,2,4,2,1,2,2,1,2,2
2925,2,3,3,2,1,2,3,2,2,3
2926,2,2,5,4,1,2,2,3,2,2
2927,1,2,2,2,1,2,4,4,4,4
2928,2,2,5,3,1,2,1,1,1,1
2929,1,3,4,3,2,2,1,3,2,2
2930,2,2,3,2,1,1,3,2,2,2
2931,2,2,2,1,1,2,4,3,3,3
2932,1,3,4,3,1,1,3,2,2,2
2933,1,2,3,2,1,2,3,3,3,3
2934,1,2,5,4,1,2,2,2,2,2
2935,1,3,5,2,1,1,1,1,1,1
2936,2,2,4,2,1,1,1,2,2,2
2937,2,3,3,2,1,2,2,2,2,2
2938,1,3,3,2,1,1,2,3,3,3
2939,2,2,3,2,1,2,2,3,3,3
2940,2,4,5,4,1,2,2,2,2,2
2941,1,3,4,3,1,2,4,2,2,2
2942,2,2,4,3,1,1,4,1,2,2
2943,1,4,5,3,1,2,2,2,2,2
2944,2,3,3,3,2,2,4,4,3,4
2945,2,4,3,2,2,2,4,2,3,3
2946,1,3,3,2,1,1,4,2,2,3
2947,1,3,4,2,1,1,2,2,2,2
2948,1,2,4,2,1,1,2,1,2,2
2949,1,2,3,2,1,2,4,2,3,3
2950,1,4,4,3,1,2,2,3,2,3
2951,2,3,2,2,2,2,2,4,3,4
2952,2,3,4,3,1,2,2,3,3,3
2953,2,2,5,3,1,2,2,2,2,2
2954,1,3,4,2,1,2,2,2,2,2
2955,1,2,5,4,1,2,3,2,2,2
2956,2,1,4,3,1,1,4,3,3,3
2957,2,2,4,4,1,2,4,4,3,3
2958,2,4,3,2,1,2,2,3,3,3
2959,2,1,6,4,1,2,3,1,1,1
2960,2,2,3,2,1,1,3,3,3,3
2961,2,3,4,3,1,1,3,3,3,2
2962,1,2,3,3,1,2,3,4,3,3
2963,1,3,3,2,1,1,2,3,2,3
2964,1,4,3,2,1,2,3,3,3,3
2965,1,4,5,4,1,2,2,3,2,2
2966,1,4,3,2,1,2,3,2,2,2
2967,2,1,4,2,1,2,2,2,2,2
2968,1,1,4,3,1,2,2,3,2,3
2969,1,1,5,4,1,2,1,3,2,2
2970,1,2,3,1,1,2,1,2,2,2
2971,1,4,4,3,1,2,2,2,2,2
2972,2,4,3,2,1,2,4,3,3,3
2973,2,3,4,2,1,2,4,1,2,2
2974,2,4,4,3,1,2,2,3,2,2
2975,2,2,4,2,1,2,3,1,2,2
2976,2,2,5,4,1,2,4,2,2,2
2977,2,2,3,2,1,1,2,2,2,2
2978,2,2,2,1,1,1,3,2,3,3
2979,2,3,4,3,1,2,3,2,2,2
2980,1,1,3,2,1,2,4,3,3,3
2981,2,2,5,3,1,2,3,1,2,1
2982,1,2,4,2,1,2,1,2,2,2
2983,2,2,2,2,1,2,3,4,3,4
2984,2,3,3,2,1,2,2,4,3,3
2985,1,1,3,1,1,2,3,2,3,3
2986,2,3,4,2,1,2,2,2,2,2
2987,2,3,4,3,1,1,3,2,2,2
2988,1,2,5,4,1,2,4,1,2,2
2989,2,2,4,3,2,1,3,2,2,2
2990,2,2,4,3,1,1,3,3,2,2
2991,2,3,3,1,2,1,2,2,2,2
2992,2,2,3,1,1,1,2,1,2,2
2993,2,2,3,1,1,2,2,2,2,2
2994,1,1,4,3,1,1,3,2,2,2
2995,2,3,5,3,1,2,2,2,2,2
2996,2,3,4,3,1,2,1,3,2,2
2997,2,3,4,2,1,1,1,2,2,2
2998,2,3,2,2,1,2,3,4,3,4
2999,2,2,4,3,1,2,3,2,2,2
3000,2,1,6,4,1,1,2,2,2,1
3001,2,4,3,2,1,1,1,3,3,2
3002,1,2,2,2,1,2,3,4,3,4
3003,1,4,4,3,1,2,4,2,2,2
3004,1,1,3,2,1,2,3,3,3,3
3005,1,2,4,4,2,2,2,4,3,3
3006,1,2,4,3,1,1,2,4,3,3
3007,1,2,3,2,1,2,1,3,3,3
3008,2,2,5,4,1,2,1,3,2,2
3009,1,3,5,4,1,2,2,3,2,2
3010,2,2,3,2,1,2,2,4,3,3
3011,1,2,3,2,1,2,3,3,3,3
3012,2,3,4,3,1,1,3,3,3,3
3013,2,3,2,1,1,1,1,4,3,3
3014,1,3,4,3,1,1,4,3,3,2
3015,1,4,5,3,2,2,1,2,2,1
3016,1,2,5,4,1,2,4,3,2,2
3017,1,2,3,2,1,2,3,3,3,3
3018,2,2,4,2,1,2,2,1,2,2
3019,1,2,3,2,1,1,3,3,3,3
3020,1,3,3,3,1,2,4,3,3,3
3021,1,1,4,2,1,2,3,1,2,2
3022,2,2,4,3,1,2,3,3,3,3
3023,1,2,4,3,1,2,3,3,3,3
3024,2,3,4,3,1,2,3,2,2,2
3025,2,1,6,4,1,2,1,2,1,1
3026,2,3,5,3,1,2,1,2,2,1
3027,2,2,5,3,1,2,1,2,2,2
3028,2,4,4,3,1,2,2,3,2,3
3029,2,2,4,2,2,2,2,2,2,2
3030,1,1,3,2,1,1,1,4,3,3
3031,1,3,4,3,1,2,4,1,2,2
3032,2,3,5,4,1,2,3,2,2,2
3033,2,3,3,2,1,1,3,2,2,2
3034,1,1,3,2,2,1,1,3,3,3
3035,2,2,2,2,1,2,3,4,4,4
3036,1,2,3,3,1,2,4,4,3,4
3037,2,1,2,1,1,1,3,3,3,3
3038,2,3,3,3,1,2,3,4,3,3
3039,1,4,4,3,1,1,3,3,2,2
3040,2,2,4,4,1,2,3,3,3,3
3041,2,3,2,1,1,1,3,3,3,3
3042,1,3,4,2,1,1,1,2,2,2
3043,2,1,4,2,1,2,3,1,2,2
3044,2,3,4,3,1,2,2,3,2,3
3045,2,2,5,4,1,2,4,1,2,1
3046,2,1,4,3,1,2,2,4,3,3
3047,2,2,2,1,1,2,3,3,3,4
3048,2,4,4,3,1,1,3,3,2,2
3049,2,4,3,2,1,1,2,3,3,3
3050,2,4,3,2,1,2,2,3,3,3
3051,1,1,4,2,1,1,4,1,2,2
3052,2,2,3,3,1,2,3,4,3,3
3053,2,3,3,2,1,2,3,2,3,2
3054,1,3,2,2,1,2,4,4,4,4
3055,1,1,3,2,1,1,3,2,2,3
3056,1,3,5,4,1,2,2,3,2,2
3057,2,3,4,2,1,1,2,2,2,2
3058,2,4,5,4,1,2,4,2,2,2
3059,1,3,4,3,1,2,2,3,2,2
3060,2,1,4,2,1,1,1,3,2,2
3061,1,3,5,4,1,2,1,4,2,2
3062,1,3,3,1,1,1,2,1,2,2
3063,2,2,4,2,2,2,2,2,2,2
3064,2,4,4,3,1,2,3,2,2,2
3065,2,3,4,2,1,2,2,1,2,2
